SALE TYPE,SOLD DATE,PROPERTY TYPE,ADDRESS,CITY,STATE OR PROVINCE,ZIP OR POSTAL CODE,PRICE,BEDS,BATHS,LOCATION,SQUARE FEET,LOT SIZE,YEAR BUILT,DAYS ON MARKET,$/SQUARE FEET,HOA/MONTH,STATUS,NEXT OPEN HOUSE START TIME,NEXT OPEN HOUSE END TIME,URL (SEE https://www.redfin.com/buy-a-home/comparative-market-analysis FOR INFO ON PRICING),SOURCE,MLS#,FAVORITE,INTERESTED,LATITUDE,LONGITUDE
MLS Listing,,Single Family Residential,3715 N Panama Ave,Chicago,IL,60634,294900,2,1.5,CHI - Dunning,896,,1949,1,329,,Active,,,https://www.redfin.com/IL/Chicago/3715-N-Panama-Ave-60634/home/13544792,MRED as Distributed by MLS Grid,11966995,N,Y,41.9472772,-87.8289435
MLS Listing,,Condo/Co-op,240 E Illinois St #2603,Chicago,IL,60611,424000,1,1.0,CHI - Near North Side,,,2008,1,,745,Active,January-27-2024 11:00 AM,January-27-2024 01:00 PM,https://www.redfin.com/IL/Chicago/240-E-Illinois-St-60611/unit-2603/home/13150347,MRED as Distributed by MLS Grid,11944969,N,Y,41.8911546,-87.6210377
MLS Listing,,Condo/Co-op,6431 N Damen Ave Unit 1E,Chicago,IL,60645,325000,3,2.0,Edgemoor Park Condos,1100,,1960,1,295,334,Active,,,https://www.redfin.com/IL/Chicago/6431-N-Damen-Ave-60645/unit-1E/home/18943903,MRED as Distributed by MLS Grid,11962486,N,Y,41.998989,-87.6796047
MLS Listing,,Single Family Residential,9218 S Colfax Ave,Chicago,IL,60617,180000,3,2.0,CHI - Calumet Heights,1300,4399,1961,1,138,,Active,,,https://www.redfin.com/IL/Chicago/9218-S-Colfax-Ave-60617/home/13042824,MRED as Distributed by MLS Grid,11959892,N,Y,41.7274937,-87.5611556
MLS Listing,,Vacant Land,2434 N Saint Louis Ave,Chicago,IL,60647,415000,,,CHI - Logan Square,,3049,,1,,,Active,,,https://www.redfin.com/IL/Chicago/2434-N-Saint-Louis-Ave-60647/home/13444893,MRED as Distributed by MLS Grid,11966147,N,Y,41.9256343,-87.7149278
MLS Listing,,Multi-Family (2-4 Unit),531 N Central Park Ave,Chicago,IL,60624,315000,5,2.0,CHI - Humboldt Park,,3049,1890,5,,,Active,,,https://www.redfin.com/IL/Chicago/531-N-Central-Park-Ave-60624/home/13261938,MRED as Distributed by MLS Grid,11964158,N,Y,41.8911599,-87.7158842
MLS Listing,,Townhouse,1910 N Burling St Unit B,Chicago,IL,60614,1575000,3,3.5,CHI - Lincoln Park,2716,,1988,6,580,,Active,,,https://www.redfin.com/IL/Chicago/1910-N-Burling-St-60614/unit-B/home/13346993,MRED as Distributed by MLS Grid,11959351,N,Y,41.9163475,-87.6476115
MLS Listing,,Condo/Co-op,450 W Armitage Ave #1,Chicago,IL,60614,450000,2,2.0,CHI - Lincoln Park,,,1888,6,,300,Active,,,https://www.redfin.com/IL/Chicago/450-W-Armitage-Ave-60614/unit-1/home/12651635,MRED as Distributed by MLS Grid,11953233,N,Y,41.9184138,-87.640858
MLS Listing,,Condo/Co-op,1535 W Montana St #2,Chicago,IL,60614,675000,2,2.0,CHI - Lincoln Park,,,2017,6,,228,Active,,,https://www.redfin.com/IL/Chicago/1535-W-Montana-St-60614/unit-2/home/189454747,MRED as Distributed by MLS Grid,11963120,N,Y,41.9259281,-87.6671963
MLS Listing,,Condo/Co-op,2800 N Lake Shore Dr #3411,Chicago,IL,60657,290000,1,1.0,CHI - Lake View,,,1969,6,,494,Active,,,https://www.redfin.com/IL/Chicago/2800-N-Lake-Shore-Dr-60657/unit-3411/home/13369930,MRED as Distributed by MLS Grid,11963012,N,Y,41.9333146,-87.6372232
MLS Listing,,Condo/Co-op,600 S Dearborn St #812,Chicago,IL,60605,259900,1,1.0,Printers Row,991,,1911,7,262,466,Active,,,https://www.redfin.com/IL/Chicago/600-S-Dearborn-St-60605/unit-812/home/14092387,MRED as Distributed by MLS Grid,11960064,N,Y,41.8740573,-87.629397
MLS Listing,,Single Family Residential,11347 S Church St,Chicago,IL,60643,275000,3,3.0,CHI - Morgan Park,1538,7501,1902,7,179,,Active,,,https://www.redfin.com/IL/Chicago/11347-S-Church-St-60643/home/13068932,MRED as Distributed by MLS Grid,11962261,N,Y,41.6874098,-87.6673793
MLS Listing,,Condo/Co-op,2323 W Pershing Rd #228,Chicago,IL,60609,240000,2,1.0,CHI - New City,1160,,1950,7,207,655,Active,,,https://www.redfin.com/IL/Chicago/2323-W-Pershing-Rd-60609/unit-228/home/18941192,MRED as Distributed by MLS Grid,11959663,N,Y,41.8224358,-87.6831546
MLS Listing,,Single Family Residential,4917 N Moody Ave,Chicago,IL,60630,499900,3,3.5,CHI - Jefferson Park,,3750,1951,7,,,Active,,,https://www.redfin.com/IL/Chicago/4917-N-Moody-Ave-60630/home/13501530,MRED as Distributed by MLS Grid,11960791,N,Y,41.9708186,-87.7816548
MLS Listing,,Single Family Residential,4859 N Natoma Ave,Chicago,IL,60656,524900,3,2.5,CHI - Norwood Park,,8315,1958,8,,,Active,,,https://www.redfin.com/IL/Chicago/4859-N-Natoma-Ave-60656/home/13503085,MRED as Distributed by MLS Grid,11945932,N,Y,41.9700434,-87.7925875
MLS Listing,,Single Family Residential,1035 W 92nd Pl,Chicago,IL,60620,283900,5,2.5,CHI - Washington Heights,1986,3750,1926,12,143,,Active,,,https://www.redfin.com/IL/Chicago/1035-W-92nd-Pl-60620/home/186780933,MRED as Distributed by MLS Grid,11960266,N,Y,41.7257021,-87.6495795
MLS Listing,,Condo/Co-op,222 S Racine Ave #507,Chicago,IL,60607,448000,2,2.0,CHI - Near West Side,1425,,1997,12,314,519,Active,,,https://www.redfin.com/IL/Chicago/222-S-Racine-Ave-60607/unit-507/home/12712797,MRED as Distributed by MLS Grid,11960794,N,Y,41.8783928,-87.6572885
MLS Listing,,Condo/Co-op,744 N May St #202,Chicago,IL,60642,315000,1,1.0,CHI - West Town,650,,2005,13,485,197,Active,,,https://www.redfin.com/IL/Chicago/744-N-May-St-60642/unit-202/home/12604068,MRED as Distributed by MLS Grid,11939387,N,Y,41.8957532,-87.6562441
MLS Listing,,Single Family Residential,9021 S Greenwood Ave,Chicago,IL,60619,329500,4,3.5,CHI - Burnside,2582,3720,2006,13,128,,Active,,,https://www.redfin.com/IL/Chicago/9021-S-Greenwood-Ave-60619/home/13115652,MRED as Distributed by MLS Grid,11959867,N,Y,41.7306599,-87.5971445
MLS Listing,,Condo/Co-op,1400 W Monroe St Unit 3D,Chicago,IL,60607,1135000,3,2.5,CHI - Near West Side,1843,,2021,13,616,548,Active,,,https://www.redfin.com/IL/Chicago/1400-W-Monroe-St-60607/unit-3D/home/164445687,MRED as Distributed by MLS Grid,11954355,N,Y,41.880280208,-87.66224714
MLS Listing,,Single Family Residential,818 N Lorel Ave,Chicago,IL,60651,365000,5,3.0,CHI - Austin,1538,,1908,14,237,,Active,,,https://www.redfin.com/IL/Chicago/818-N-Lorel-Ave-60651/home/13278954,MRED as Distributed by MLS Grid,11959687,N,Y,41.8955666,-87.7595872
MLS Listing,,Condo/Co-op,170 W Polk St #908,Chicago,IL,60605,435000,2,2.0,Printers Corner,1290,,2007,14,337,446,Active,January-27-2024 01:00 PM,January-27-2024 03:00 PM,https://www.redfin.com/IL/Chicago/170-W-Polk-St-60605/unit-908/home/26817508,MRED as Distributed by MLS Grid,11955701,N,Y,41.8724306,-87.6332523
MLS Listing,,Condo/Co-op,230 W Division St #702,Chicago,IL,60610,449000,2,2.0,Venetian,1300,,2004,14,345,842,Active,,,https://www.redfin.com/IL/Chicago/230-W-Division-St-60610/unit-702/home/12650713,MRED as Distributed by MLS Grid,11959225,N,Y,41.9040532,-87.6357004
MLS Listing,,Single Family Residential,7720 S Marshfield Ave,Chicago,IL,60620,299900,3,2.5,CHI - Auburn Gresham,2246,3484,1920,14,134,,Active,,,https://www.redfin.com/IL/Chicago/7720-S-Marshfield-Ave-60620/home/13909376,MRED as Distributed by MLS Grid,11951372,N,Y,41.7532698,-87.6650292
MLS Listing,,Condo/Co-op,195 N Harbor Dr #904,Chicago,IL,60601,610000,2,2.0,CHI - Loop,1275,,1996,15,478,976,Active,,,https://www.redfin.com/IL/Chicago/195-N-Harbor-Dr-60601/unit-904/home/14093421,MRED as Distributed by MLS Grid,11888106,N,Y,41.8856057,-87.6155531
MLS Listing,,Condo/Co-op,505 N Mcclurg Ct #2503,Chicago,IL,60611,1160000,3,2.0,Parkview Condominiums,1803,,2008,15,643,1398,Active,,,https://www.redfin.com/IL/Chicago/505-N-McClurg-Ct-60611/unit-2503/home/39644820,MRED as Distributed by MLS Grid,11955110,N,Y,41.8915247,-87.6173266
MLS Listing,,Multi-Family (2-4 Unit),3657 N Lotus Ave,Chicago,IL,60641,710000,6,3.5,CHI - Portage Park,,3750,1925,16,,,Active,,,https://www.redfin.com/IL/Chicago/3657-N-Lotus-Ave-60641/home/187793645,MRED as Distributed by MLS Grid,11956705,N,Y,41.9476172,-87.7628491
MLS Listing,,Condo/Co-op,659 W Randolph St #412,Chicago,IL,60661,254900,1,1.0,CHI - Near West Side,756,,2008,20,337,631,Active,,,https://www.redfin.com/IL/Chicago/659-W-Randolph-St-60661/unit-412/home/39564748,MRED as Distributed by MLS Grid,11954912,N,Y,41.8841585,-87.6450181
MLS Listing,,Single Family Residential,10905 S Lowe Ave,Chicago,IL,60628,249900,5,2.0,CHI - Roseland,1040,5227,1950,20,240,,Active,,,https://www.redfin.com/IL/Chicago/10905-S-Lowe-Ave-60628/home/13076919,MRED as Distributed by MLS Grid,11950425,N,Y,41.6958312,-87.6386496
MLS Listing,,Condo/Co-op,1845 S Michigan Ave #1407,Chicago,IL,60616,343000,1,1.0,CHI - Near South Side,905,,2003,21,379,400,Active,,,https://www.redfin.com/IL/Chicago/1845-S-Michigan-Ave-60616/unit-1407/home/12668278,MRED as Distributed by MLS Grid,11952375,N,Y,41.8565623,-87.6234583
MLS Listing,,Condo/Co-op,4535 N Long Ave Unit 3A,Chicago,IL,60630,285000,3,2.0,CHI - Portage Park,1297,,1972,21,220,342,Active,,,https://www.redfin.com/IL/Chicago/4535-N-Long-Ave-60630/unit-3A/home/13479821,MRED as Distributed by MLS Grid,11955011,N,Y,41.9636048,-87.7622515
MLS Listing,,Condo/Co-op,400 N La Salle Dr #1112,Chicago,IL,60654,287500,1,1.0,CHI - Near North Side,723,,2003,22,398,483,Active,,,https://www.redfin.com/IL/Chicago/400-N-La-Salle-Dr-60654/unit-1112/home/12620950,MRED as Distributed by MLS Grid,11939158,N,Y,41.8897707,-87.6329244
MLS Listing,,Condo/Co-op,6840 S South Shore Dr #3,Chicago,IL,60649,180000,3,2.0,CHI - South Shore,,,,24,,688,Active,,,https://www.redfin.com/IL/Chicago/6840-S-South-Shore-Dr-60649/unit-3/home/13925195,MRED as Distributed by MLS Grid,11951499,N,Y,41.770326,-87.5670559
MLS Listing,,Condo/Co-op,3705 W Altgeld St #1,Chicago,IL,60647,238000,2,1.0,CHI - Logan Square,,,1932,34,,211,Active,,,https://www.redfin.com/IL/Chicago/3705-W-Altgeld-St-60647/unit-1/home/23019906,MRED as Distributed by MLS Grid,11950270,N,Y,41.9262913,-87.7198726
MLS Listing,,Condo/Co-op,1366 W Greenleaf Ave Unit GN,Chicago,IL,60626,189900,2,1.0,CHI - Rogers Park,650,,1920,34,292,207,Active,,,https://www.redfin.com/IL/Chicago/1366-W-Greenleaf-Ave-60626/unit-GN/home/26802894,MRED as Distributed by MLS Grid,11944220,N,Y,42.0106055,-87.6651179
MLS Listing,,Condo/Co-op,222 E Chestnut St Unit 6B,Chicago,IL,60611,725000,3,2.5,CHI - Near North Side,2400,,1931,36,302,1852,Active,,,https://www.redfin.com/IL/Chicago/222-E-Chestnut-St-60611/unit-6B/home/14118748,MRED as Distributed by MLS Grid,11937952,N,Y,41.8986915,-87.6209133
MLS Listing,,Condo/Co-op,5922 N Magnolia Ave Unit 1S,Chicago,IL,60660,315000,2,2.0,CHI - Edgewater,1500,,1910,41,210,364,Active,,,https://www.redfin.com/IL/Chicago/5922-N-Magnolia-Ave-60660/unit-1S/home/22833122,MRED as Distributed by MLS Grid,11946332,N,Y,41.9897978,-87.6618981
MLS Listing,,Multi-Family (5+ Unit),2326 S Sacramento Ave,Chicago,IL,60623,639900,12,6.0,CHI - South Lawndale,4488,3175,1890,48,143,,Active,,,https://www.redfin.com/IL/Chicago/2326-S-Sacramento-Ave-60623/home/13231521,MRED as Distributed by MLS Grid,11941071,N,Y,41.8492269,-87.7005737
MLS Listing,,Multi-Family (2-4 Unit),5323 S Emerald Ave,Chicago,IL,60609,349900,8,4.0,CHI - New City,,3049,,48,,,Active,,,https://www.redfin.com/IL/Chicago/5323-S-Emerald-Ave-60609/home/13951873,MRED as Distributed by MLS Grid,11942113,N,Y,41.7972737,-87.6437186
MLS Listing,,Condo/Co-op,33 W Ontario St Unit 15D,Chicago,IL,60654,215000,0,1.0,Millenium Centre,600,,2003,50,358,499,Active,,,https://www.redfin.com/IL/Chicago/33-W-Ontario-St-60654/unit-15D/home/39564086,MRED as Distributed by MLS Grid,11941024,N,Y,41.8930409,-87.6292713
MLS Listing,,Single Family Residential,4451 N Tripp Ave,Chicago,IL,60630,649000,6,3.0,CHI - Irving Park,3005,3271,1908,54,216,,Active,,,https://www.redfin.com/IL/Chicago/4451-N-Tripp-Ave-60630/home/13481286,MRED as Distributed by MLS Grid,11923399,N,Y,41.9623763,-87.7339401
MLS Listing,,Condo/Co-op,633 S Plymouth Ct #202,Chicago,IL,60605,319000,2,1.5,Pope Building Lofts,,,1904,54,,899,Active,,,https://www.redfin.com/IL/Chicago/633-S-Plymouth-Ct-60605/unit-202/home/12736346,MRED as Distributed by MLS Grid,11938606,N,Y,41.8734576,-87.6284325
MLS Listing,,Condo/Co-op,757 N Orleans St #1408,Chicago,IL,60654,354900,1,1.5,CHI - Near North Side,1070,,2008,54,332,632,Active,,,https://www.redfin.com/IL/Chicago/757-N-Orleans-St-60654/unit-1408/home/52637273,MRED as Distributed by MLS Grid,11939824,N,Y,41.8963014,-87.6365635
MLS Listing,,Multi-Family (2-4 Unit),7310 S University St,Chicago,IL,60619,305000,6,2.0,CHI - Greater Grand Crossing,,3125,1895,58,,,Active,,,https://www.redfin.com/IL/Chicago/7310-S-University-Ave-60619/home/183807083,MRED as Distributed by MLS Grid,11934200,N,Y,41.7618731,-87.5972767
MLS Listing,,Condo/Co-op,1872 N Clybourn Ave #110,Chicago,IL,60614,450000,2,1.5,Clybourn Lofts,,,1901,64,,702,Active,,,https://www.redfin.com/IL/Chicago/1872-N-Clybourn-Ave-60614/unit-110/home/13350915,MRED as Distributed by MLS Grid,11934875,N,Y,41.915025,-87.655973
MLS Listing,,Single Family Residential,3030 N Knox Ave,Chicago,IL,60641,549000,4,2.0,CHI - Belmont Cragin,1810,3484,1927,70,303,,Active,,,https://www.redfin.com/IL/Chicago/3030-N-Knox-Ave-60641/home/13446667,MRED as Distributed by MLS Grid,11927089,N,Y,41.9361679,-87.7435032
MLS Listing,,Condo/Co-op,233 E 13th St #601,Chicago,IL,60605,499900,2,2.0,Museum Park Tower III,1290,,2005,71,388,734,Active,,,https://www.redfin.com/IL/Chicago/233-E-13th-St-60605/unit-601/home/12645178,MRED as Distributed by MLS Grid,11930538,N,Y,41.8654277,-87.6208362
MLS Listing,,Condo/Co-op,125 E 13th St #1003,Chicago,IL,60605,389000,2,2.0,Museum Park Lofts,,,2005,72,,542,Active,,,https://www.redfin.com/IL/Chicago/125-E-13th-St-60605/unit-1003/home/12637702,MRED as Distributed by MLS Grid,11930132,N,Y,41.8655862,-87.62288
MLS Listing,,Townhouse,1309 S Indiana Ave,Chicago,IL,60605,1399900,4,3.5,Museum Park,3800,,2005,72,368,378,Active,,,https://www.redfin.com/IL/Chicago/1309-S-Indiana-Ave-60605/home/12694630,MRED as Distributed by MLS Grid,11929543,N,Y,41.8656368,-87.6221412
MLS Listing,,Vacant Land,11353 S Forest Ave,Chicago,IL,60628,20000,,,CHI - Roseland,,,,72,,,Active,,,https://www.redfin.com/IL/Chicago/11353-S-Forest-Ave-60628/home/13061624,MRED as Distributed by MLS Grid,11929642,N,Y,41.6875659,-87.615311
MLS Listing,,Single Family Residential,2106 N Whipple St,Chicago,IL,60647,650000,4,3.0,CHI - Logan Square,1200,3484,1887,76,542,,Active,,,https://www.redfin.com/IL/Chicago/2106-N-Whipple-St-60647/home/188371660,MRED as Distributed by MLS Grid,11923295,N,Y,41.9195511,-87.7041466
MLS Listing,,Condo/Co-op,6335 N Bell Ave #1,Chicago,IL,60659,375000,3,2.0,CHI - West Ridge,2300,,1917,77,163,432,Active,,,https://www.redfin.com/IL/Chicago/6335-N-Bell-Ave-60659/unit-1/home/12776002,MRED as Distributed by MLS Grid,11914927,N,Y,41.9971357,-87.6859752
MLS Listing,,Condo/Co-op,60 E Monroe St #3905,Chicago,IL,60603,445000,1,1.0,CHI - Loop,,,2006,84,,701,Active,,,https://www.redfin.com/IL/Chicago/60-E-Monroe-St-60603/unit-3905/home/45512060,MRED as Distributed by MLS Grid,11921334,N,Y,41.8809978,-87.6256565
MLS Listing,,Condo/Co-op,65 E Monroe St #4206,Chicago,IL,60603,775000,2,2.0,CHI - Loop,1430,,2008,92,542,1208,Active,,,https://www.redfin.com/IL/Chicago/65-E-Monroe-St-60603/unit-4206/home/39567239,MRED as Distributed by MLS Grid,11911007,N,Y,41.8806386,-87.6255308
MLS Listing,,Condo/Co-op,550 N Saint Clair St #1406,Chicago,IL,60611,354900,1,1.0,CHI - Near North Side,850,,2008,105,418,620,Active,,,https://www.redfin.com/IL/Chicago/550-N-Saint-Clair-St-60611/unit-1406/home/45508350,MRED as Distributed by MLS Grid,11906717,N,Y,41.8922991,-87.6229169
MLS Listing,,Single Family Residential,1518 E 73rd Pl,Chicago,IL,60619,325000,5,2.0,CHI - South Shore,1880,5227,1923,174,173,,Active,,,https://www.redfin.com/IL/Chicago/1518-E-73rd-Pl-60619/home/12598629,MRED as Distributed by MLS Grid,11840570,N,Y,41.761747,-87.587689
MLS Listing,,Condo/Co-op,840 N Lake Shore Dr #1803,Chicago,IL,60611,2350000,3,3.5,CHI - Near North Side,3200,,2003,202,734,3460,Active,,,https://www.redfin.com/IL/Chicago/840-N-Lake-Shore-Dr-60611/unit-1803/home/12681894,MRED as Distributed by MLS Grid,11798605,N,Y,41.8979713,-87.6180674
MLS Listing,,Condo/Co-op,3836 W Lexington St #1,Chicago,IL,60624,100000,4,1.0,CHI - West Garfield Park,1200,,1904,433,83,,Active,,,https://www.redfin.com/IL/Chicago/3836-W-Lexington-St-60624/unit-1/home/13256848,MRED as Distributed by MLS Grid,11645555,N,Y,41.8719103,-87.7218986
Redfin Data,,Condo/Co-op,4343 N Clarendon Ave #2418,Chicago,IL,60613,160000,0,1.0,Chicago,,,1973,1,,472,Pre On-Market,,,https://www.redfin.com/IL/Chicago/4343-N-Clarendon-Ave-60613/unit-2418/home/13398617,Coming Soon,96290,N,Y,41.9612878,-87.6494037
Redfin Data,,Condo/Co-op,6301 N Sheridan Rd Unit 25D,Chicago,IL,60660,174000,1,1.0,Chicago,,,,2,,818,Pre On-Market,,,https://www.redfin.com/IL/Chicago/6301-N-Sheridan-Rd-60660/unit-25D/home/13412888,Coming Soon,96272,N,Y,41.9967345,-87.6550688
Redfin Data,,Condo/Co-op,873 N Larrabee St #306,Chicago,IL,60610,389900,2,2.0,Chicago,1200,,2006,2,325,500,Pre On-Market,,,https://www.redfin.com/IL/Chicago/873-N-Larrabee-St-60610/unit-306/home/18914156,Coming Soon,96264,N,Y,41.898639,-87.642694
Redfin Data,,Single Family Residential,1446 W 119th St,Chicago,IL,60643,235000,3,2.0,Chicago,1820,3125,1963,2,129,,Pre On-Market,,,https://www.redfin.com/IL/Chicago/1446-W-119th-St-60643/home/13065888,Coming Soon,96257,N,Y,41.6778497,-87.6583635
Redfin Data,,Condo/Co-op,3304 W Cullom Ave #3,Chicago,IL,60618,314900,2,1.0,Chicago,1200,,,2,262,486,Pre On-Market,,,https://www.redfin.com/IL/Chicago/3304-W-Cullom-Ave-60618/unit-3/home/12723549,Coming Soon,96256,N,Y,41.9595998,-87.7108307
Redfin Data,,Condo/Co-op,11020 S Keating Ave #207,Oak Lawn,IL,60453,215000,2,2.0,Oak Lawn,1350,,1996,2,159,250,Pre On-Market,,,https://www.redfin.com/IL/Oak-Lawn/11020-S-Keating-Ave-60453/unit-207/home/13150781,Coming Soon,96254,N,Y,41.6915946,-87.7390876
Redfin Data,,Condo/Co-op,835 N Wood St Unit 102-202,Chicago,IL,60622,1225000,3,2.5,Chicago,,,,5,,578,Pre On-Market,,,https://www.redfin.com/IL/Chicago/835-N-Wood-St-60622/unit-102-202/home/103996992,Coming Soon,96242,N,Y,41.8971099,-87.671879
Redfin Data,,Single Family Residential,8110 S Merrill Ave,Chicago,IL,60617,209900,4,2.5,Chicago,2355,6300,1951,6,89,,Pre On-Market,,,https://www.redfin.com/IL/Chicago/8110-S-Merrill-Ave-60617/home/13218715,Coming Soon,96237,N,Y,41.7475735,-87.5726054
Redfin Data,,Single Family Residential,8122 Lamon Ave,Burbank,IL,60459,338900,4,2.5,Burbank,1700,8712,1943,8,199,,Pre On-Market,,,https://www.redfin.com/IL/Burbank/8122-Lamon-Ave-60459/home/13972084,Coming Soon,96192,N,Y,41.7444364,-87.7439899
Redfin Data,,Single Family Residential,2106 W Addison St,Chicago,IL,60618,1150000,4,4.0,Chicago,,3750,1896,12,,,Pre On-Market,,,https://www.redfin.com/IL/Chicago/2106-W-Addison-St-60618/home/13389630,Coming Soon,96167,N,Y,41.9470649,-87.6813707
Redfin Data,,Single Family Residential,3649 S Giles Ave,Chicago,IL,60653,589000,4,3.5,Chicago,1878,5094,1995,14,314,,Pre On-Market,,,https://www.redfin.com/IL/Chicago/3649-S-Giles-Ave-60653/home/14071304,Coming Soon,96144,N,Y,41.8278663,-87.6189644
Redfin Data,,Multi-Family (2-4 Unit),7910 S Greenwood Ave,Chicago,IL,60619,381800,11,5.0,Chicago,,,2010,14,,,Pre On-Market,,,https://www.redfin.com/IL/Chicago/7910-S-Greenwood-Ave-60619/home/28501830,Coming Soon,96141,N,Y,41.7509282,-87.5982382
Redfin Data,,Condo/Co-op,130 S Canal St #705,Chicago,IL,60606,380000,2,2.0,Chicago,1182,,,15,321,868,Pre On-Market,,,https://www.redfin.com/IL/Chicago/130-S-Canal-St-60606/unit-705/home/12765504,Coming Soon,96128,N,Y,41.8796754,-87.6399477
Redfin Data,,Condo/Co-op,3051 W Armitage Ave Unit 3W,Chicago,IL,60647,580000,3,2.0,North Side,1573,,2019,16,369,211,Pre On-Market,,,https://www.redfin.com/IL/Chicago/3051-W-Armitage-Ave-60647/unit-3W/home/178526247,Coming Soon,96119,N,Y,41.9172019,-87.7043679
MLS Listing,,Townhouse,816 W 15th Pl,Chicago,IL,60608,629999,3,2.5,CHI - Near West Side,2154,,2003,1,292,328,Active,,,https://www.redfin.com/IL/Chicago/816-W-15th-Pl-60608/home/12694826,MRED as Distributed by MLS Grid,11966659,N,Y,41.86117,-87.647424
MLS Listing,,Single Family Residential,4349 S Troy St,Chicago,IL,60632,370000,4,2.0,CHI - Brighton Park,2600,3123,1914,1,142,,Active,,,https://www.redfin.com/IL/Chicago/4349-S-Troy-St-60632/home/179791964,MRED as Distributed by MLS Grid,11966974,N,Y,41.8142739,-87.7026651
MLS Listing,,Condo/Co-op,3003 N California Ave Unit 1S,Chicago,IL,60618,599900,3,3.0,CHI - Avondale,1800,,2014,1,333,258,Active,January-27-2024 11:00 AM,January-27-2024 01:00 PM,https://www.redfin.com/IL/Chicago/3003-N-California-Ave-60618/unit-1S/home/52877004,MRED as Distributed by MLS Grid,11962199,N,Y,41.9358911,-87.6975155
MLS Listing,,Multi-Family (2-4 Unit),3736 S Calumet Ave,Chicago,IL,60653,460000,6,4.0,CHI - Douglas,,3125,2001,1,,,Active,,,https://www.redfin.com/IL/Chicago/3736-S-Calumet-Ave-60653/home/14071786,MRED as Distributed by MLS Grid,11964076,N,Y,41.8263692,-87.6183101
MLS Listing,,Parking,405 N Wabash Ave Unit D67,Chicago,IL,60611,32000,,,CHI - Near North Side,,186,1972,1,,193,Active,,,https://www.redfin.com/IL/Chicago/405-N-Wabash-Ave-60611/unit-D-67/home/12737344,MRED as Distributed by MLS Grid,11967003,N,Y,41.8897222,-87.6257722
MLS Listing,,Condo/Co-op,1001 W 15th St #341,Chicago,IL,60608,325000,2,2.0,CHI - Near West Side,,,2005,1,,514,Active,,,https://www.redfin.com/IL/Chicago/1001-W-15th-St-60608/unit-341/home/18921237,MRED as Distributed by MLS Grid,11966964,N,Y,41.861348,-87.6526024
MLS Listing,,Condo/Co-op,360 W Illinois St #231,Chicago,IL,60654,539999,2,2.0,Sexton Lofts,1600,,,1,337,850,Active,January-27-2024 01:30 PM,January-27-2024 03:00 PM,https://www.redfin.com/IL/Chicago/360-W-Illinois-St-60654/unit-231/home/12766504,MRED as Distributed by MLS Grid,11965766,N,Y,41.8909499,-87.6389319
MLS Listing,,Condo/Co-op,3600 N Lake Shore Dr #621,Chicago,IL,60613,230000,1,1.0,CHI - Lake View,790,,1960,1,291,633,Active,,,https://www.redfin.com/IL/Chicago/3600-N-Lake-Shore-Dr-60613/unit-621/home/13379387,MRED as Distributed by MLS Grid,11965011,N,Y,41.9489369,-87.6441842
MLS Listing,,Multi-Family (2-4 Unit),4647 W Monroe St,Chicago,IL,60644,299900,4,2.0,CHI - Austin,,,1909,1,,,Active,,,https://www.redfin.com/IL/Chicago/4647-W-Monroe-St-60644/home/13256189,MRED as Distributed by MLS Grid,11966901,N,Y,41.8790295,-87.7422543
MLS Listing,,Condo/Co-op,2918 N Lincoln Ave Unit 2R,Chicago,IL,60657,275000,1,1.0,Atrium at Lincoln,,,,1,,148,Active,January-27-2024 11:00 AM,January-27-2024 01:00 PM,https://www.redfin.com/IL/Chicago/2918-N-Lincoln-Ave-60657/unit-2R/home/12600994,MRED as Distributed by MLS Grid,11966486,N,Y,41.9347149,-87.6620803
MLS Listing,,Condo/Co-op,70 W Huron St #706,Chicago,IL,60654,285000,1,1.0,Hermitage,900,,1985,1,317,639,Active,,,https://www.redfin.com/IL/Chicago/70-W-Huron-St-60654/unit-706/home/14102138,MRED as Distributed by MLS Grid,11966969,N,Y,41.8953693,-87.6309007
MLS Listing,,Condo/Co-op,921 W Addison St Unit 1B,Chicago,IL,60613,419000,2,2.0,CHI - Lake View,1600,,,1,262,282,Active,,,https://www.redfin.com/IL/Chicago/921-W-Addison-St-60613/unit-1B/home/13381185,MRED as Distributed by MLS Grid,11963420,N,Y,41.9470339,-87.6528917
MLS Listing,,Condo/Co-op,5445 N Sheridan Rd #2609,Chicago,IL,60640,164000,0,1.0,CHI - Edgewater,600,,,1,273,367,Active,,,https://www.redfin.com/IL/Chicago/5445-N-Sheridan-Rd-60640/unit-2609/home/13401175,MRED as Distributed by MLS Grid,11966889,N,Y,41.9812082,-87.6548082
MLS Listing,,Condo/Co-op,2721 N Wilton Ave Unit 1N,Chicago,IL,60614,875000,3,2.5,CHI - Lincoln Park,2510,,2001,1,349,235,Active,January-27-2024 12:00 PM,January-27-2024 02:00 PM,https://www.redfin.com/IL/Chicago/2721-N-Wilton-Ave-60614/unit-1N/home/12716607,MRED as Distributed by MLS Grid,11945304,N,Y,41.9314912,-87.6522924
MLS Listing,,Single Family Residential,1234 N Avers Ave,Chicago,IL,60651,49900,2,1.0,CHI - Humboldt Park,952,3120,1893,1,52,,Active,,,https://www.redfin.com/IL/Chicago/1234-N-Avers-Ave-60651/home/13287491,MRED as Distributed by MLS Grid,11966829,N,Y,41.9037596,-87.7230258
MLS Listing,,Single Family Residential,8009 S Houston Ave,Chicago,IL,60617,270000,4,2.0,CHI - South Chicago,1520,4660,1899,1,178,,Active,,,https://www.redfin.com/IL/Chicago/8009-S-Houston-Ave-60617/home/13213457,MRED as Distributed by MLS Grid,11966961,N,Y,41.7497981,-87.550189
MLS Listing,,Condo/Co-op,1325 W Carmen Ave Unit 3S,Chicago,IL,60640,649000,2,2.0,CHI - Uptown,,,2023,1,,215,Active,January-27-2024 11:00 AM,January-27-2024 01:00 PM,https://www.redfin.com/IL/Chicago/1325-W-Carmen-Ave-60640/unit-3S/home/189507020,MRED as Distributed by MLS Grid,11966947,N,Y,41.9743048,-87.6633086
MLS Listing,,Condo/Co-op,6300 N Sheridan Rd #410,Chicago,IL,60660,134999,1,1.0,CHI - Edgewater,800,,1964,1,169,513,Active,,,https://www.redfin.com/IL/Chicago/6300-N-Sheridan-Rd-60660/unit-410/home/13415078,MRED as Distributed by MLS Grid,11966732,N,Y,41.9966719,-87.656068
MLS Listing,,Condo/Co-op,1325 W Carmen Ave Unit 1S,Chicago,IL,60640,749000,3,2.5,CHI - Uptown,,,2023,1,,251,Active,January-27-2024 11:00 AM,January-27-2024 01:00 PM,https://www.redfin.com/IL/Chicago/1325-W-Carmen-Ave-60640/unit-1S/home/186103474,MRED as Distributed by MLS Grid,11966938,N,Y,41.9743048,-87.6633086
MLS Listing,,Single Family Residential,2337 W Barry Ave,Chicago,IL,60618,1325000,5,5.0,CHI - North Center,4200,3123,2015,1,315,,Active,January-27-2024 12:00 PM,January-27-2024 02:00 PM,https://www.redfin.com/IL/Chicago/2337-W-Barry-Ave-60618/home/13359443,MRED as Distributed by MLS Grid,11966857,N,Y,41.937443,-87.687063
MLS Listing,,Condo/Co-op,4250 N Marine Dr #832,Chicago,IL,60613,108000,1,1.0,CHI - Uptown,550,,1962,1,196,394,Active,,,https://www.redfin.com/IL/Chicago/4250-N-Marine-Dr-60613/unit-832/home/13396988,MRED as Distributed by MLS Grid,11966707,N,Y,41.9598845,-87.647122
MLS Listing,,Condo/Co-op,1258 W Cornelia Ave Unit G,Chicago,IL,60657,375000,2,2.0,CHI - Lake View,1500,,,1,250,276,Active,January-27-2024 10:30 AM,January-27-2024 12:30 PM,https://www.redfin.com/IL/Chicago/1258-W-Cornelia-Ave-60657/unit-G/home/12673333,MRED as Distributed by MLS Grid,11964907,N,Y,41.945537,-87.661299
MLS Listing,,Multi-Family (2-4 Unit),2529 N Lawndale Ave,Chicago,IL,60647,349000,5,2.0,CHI - Logan Square,,3250,,1,,,Active,,,https://www.redfin.com/IL/Chicago/2529-N-Lawndale-Ave-60647/home/187773103,MRED as Distributed by MLS Grid,11962057,N,Y,41.927282,-87.7192118
MLS Listing,,Condo/Co-op,1430 W Diversey Pkwy #1,Chicago,IL,60614,850000,3,2.5,CHI - Lake View,2500,,2010,1,340,300,Active,,,https://www.redfin.com/IL/Chicago/1430-W-Diversey-Pkwy-60614/unit-1/home/40422484,MRED as Distributed by MLS Grid,11966795,N,Y,41.9326964,-87.6648366
MLS Listing,,Single Family Residential,8015 S Aberdeen St,Chicago,IL,60620,324900,5,3.0,CHI - Auburn Gresham,1677,,1921,1,194,,Active,,,https://www.redfin.com/IL/Chicago/8015-S-Aberdeen-St-60620/home/12557879,MRED as Distributed by MLS Grid,11966874,N,Y,41.7482437,-87.6510031
MLS Listing,,Condo/Co-op,1430 S Michigan Ave #204,Chicago,IL,60605,349900,2,2.0,CHI - Near South Side,,,2000,1,,518,Active,,,https://www.redfin.com/IL/Chicago/1430-S-Michigan-Ave-60605/unit-204/home/12733959,MRED as Distributed by MLS Grid,11966924,N,Y,41.8632219,-87.6242565
MLS Listing,,Single Family Residential,5038 W West End Ave,Chicago,IL,60644,119900,4,1.0,CHI - Austin,1700,4800,1904,1,71,,Active,,,https://www.redfin.com/IL/Chicago/5038-W-West-End-Ave-60644/home/13263103,MRED as Distributed by MLS Grid,11966892,N,Y,41.8832769,-87.7518256
MLS Listing,,Condo/Co-op,2720 W Cortland St #406,Chicago,IL,60647,399000,2,2.0,CHI - Logan Square,975,,2004,1,409,330,Active,January-27-2024 01:00 PM,January-27-2024 03:00 PM,https://www.redfin.com/IL/Chicago/2720-W-Cortland-St-60647/unit-406/home/12641049,MRED as Distributed by MLS Grid,11962167,N,Y,41.9159138,-87.6956266
MLS Listing,,Single Family Residential,4834 W Berteau Ave,Chicago,IL,60641,849900,4,3.5,CHI - Portage Park,3100,,2024,1,274,,Active,,,https://www.redfin.com/IL/Chicago/4834-W-Berteau-Ave-60641/home/189506809,MRED as Distributed by MLS Grid,11954497,N,Y,41.9572556,-87.748903
MLS Listing,,Multi-Family (2-4 Unit),7751 S Peoria St,Chicago,IL,60620,350000,8,3.0,CHI - Auburn Gresham,,4340,1908,1,,,Active,,,https://www.redfin.com/IL/Chicago/7751-S-Peoria-St-60620/home/13913854,MRED as Distributed by MLS Grid,11966296,N,Y,41.7526938,-87.6462625
MLS Listing,,Condo/Co-op,340 E Randolph St #3002,Chicago,IL,60601,885000,2,2.5,CHI - Loop,1647,,2007,1,537,1119,Active,January-28-2024 12:00 PM,January-28-2024 02:00 PM,https://www.redfin.com/IL/Chicago/340-E-Randolph-St-60601/unit-3002/home/26815134,MRED as Distributed by MLS Grid,11961662,N,Y,41.8847771,-87.6190621
MLS Listing,,Condo/Co-op,405 N Wabash Ave #1604,Chicago,IL,60611,217000,0,1.0,River Plaza,545,,1977,1,398,396,Active,,,https://www.redfin.com/IL/Chicago/405-N-Wabash-Ave-60611/unit-1604/home/14098292,MRED as Distributed by MLS Grid,11966863,N,Y,41.8897222,-87.6257722
MLS Listing,,Condo/Co-op,680 S Federal St #702,Chicago,IL,60605,269900,2,2.0,Printers Square,1192,,1923,1,226,745,Active,February-3-2024 12:00 PM,February-3-2024 02:00 PM,https://www.redfin.com/IL/Chicago/680-S-Federal-St-60605/unit-702/home/18942328,MRED as Distributed by MLS Grid,11966758,N,Y,41.8730948,-87.629905
MLS Listing,,Multi-Family (2-4 Unit),7008 S King Dr,Chicago,IL,60637,450000,7,3.0,CHI - Greater Grand Crossing,,3125,1895,1,,,Active,January-28-2024 12:00 PM,January-28-2024 02:00 PM,https://www.redfin.com/IL/Chicago/7008-S-King-Dr-60637/home/13927791,MRED as Distributed by MLS Grid,11966571,N,Y,41.7671851,-87.6155941
MLS Listing,,Single Family Residential,1508 S Komensky Ave,Chicago,IL,60623,140000,5,3.0,CHI - North Lawndale,1300,3149,1890,1,108,,Active,,,https://www.redfin.com/IL/Chicago/1508-S-Komensky-Ave-60623/home/13237003,MRED as Distributed by MLS Grid,11966759,N,Y,41.8603569,-87.7264653
MLS Listing,,Condo/Co-op,6416 N Paulina St #304,Chicago,IL,60626,219000,2,1.0,CHI - Rogers Park,800,,1927,1,274,189,Active,,,https://www.redfin.com/IL/Chicago/6416-N-Paulina-St-60626/unit-304/home/18915657,MRED as Distributed by MLS Grid,11966535,N,Y,41.9986793,-87.6725691
MLS Listing,,Condo/Co-op,1224 W Van Buren St #419,Chicago,IL,60607,325000,2,1.0,CHI - Near West Side,,,2007,1,,549,Active,,,https://www.redfin.com/IL/Chicago/1224-W-Van-Buren-St-60607/unit-419/home/39549150,MRED as Distributed by MLS Grid,11960229,N,Y,41.87678,-87.6582667
MLS Listing,,Condo/Co-op,16 N May St #511,Chicago,IL,60607,780000,3,3.0,CHI - Near West Side,2178,,1999,1,358,486,Active,January-27-2024 11:00 AM,January-27-2024 01:00 PM,https://www.redfin.com/IL/Chicago/16-N-May-St-60607/unit-511/home/12768738,MRED as Distributed by MLS Grid,11962165,N,Y,41.882342,-87.655856
MLS Listing,,Single Family Residential,6539 S Richmond St,Chicago,IL,60629,359900,4,3.0,CHI - Chicago Lawn,6250,,1963,1,58,,Active,,,https://www.redfin.com/IL/Chicago/6539-S-Richmond-St-60629/home/13988657,MRED as Distributed by MLS Grid,11966837,N,Y,41.7742426,-87.6966506
MLS Listing,,Condo/Co-op,1355 N Sandburg Ter Unit 309D,Chicago,IL,60610,325000,2,1.0,Sandburg Village,,,1963,1,,787,Active,January-28-2024 11:00 AM,January-28-2024 01:00 PM,https://www.redfin.com/IL/Chicago/1355-N-Sandburg-Ter-60610/unit-309D/home/14113290,MRED as Distributed by MLS Grid,11965880,N,Y,41.9070365,-87.6319256
MLS Listing,,Single Family Residential,7223 S Peoria St,Chicago,IL,60621,209999,3,1.0,CHI - Englewood,1248,,1890,1,168,,Active,January-27-2024 12:00 PM,January-27-2024 02:00 PM,https://www.redfin.com/IL/Chicago/7223-S-Peoria-St-60621/home/185310873,MRED as Distributed by MLS Grid,11966833,N,Y,41.762603,-87.646301
MLS Listing,,Parking,111 E Chestnut St Unit 1B-9,Chicago,IL,60611,35000,,,CHI - Near North Side,,162,1972,1,,91,Active,,,https://www.redfin.com/IL/Chicago/111-E-Chestnut-St-60611/unit-1B-9/home/12790175,MRED as Distributed by MLS Grid,11963949,N,Y,41.8978884,-87.6251938
MLS Listing,,Condo/Co-op,512 N Mcclurg Ct #2201,Chicago,IL,60611,575000,2,2.0,CHI - Near North Side,1445,,2001,1,398,521,Active,,,https://www.redfin.com/IL/Chicago/512-N-McClurg-Ct-60611/unit-2201/home/12694905,MRED as Distributed by MLS Grid,11961941,N,Y,41.89165,-87.6179781
MLS Listing,,Condo/Co-op,800 N Michigan Ave #2101,Chicago,IL,60611,3499900,3,3.5,Park Tower,4200,,2000,1,833,3301,Active,,,https://www.redfin.com/IL/Chicago/800-N-Michigan-Ave-60611/unit-2101/home/12753180,MRED as Distributed by MLS Grid,11959344,N,Y,41.8971181,-87.6255019
MLS Listing,,Condo/Co-op,5536 N Glenwood Ave Unit 1R,Chicago,IL,60640,595000,3,3.0,CHI - Edgewater,,,1999,1,,262,Active,January-28-2024 11:00 AM,January-28-2024 01:00 PM,https://www.redfin.com/IL/Chicago/5536-N-Glenwood-Ave-60640/unit-1R/home/12773486,MRED as Distributed by MLS Grid,11961914,N,Y,41.9828018,-87.6653374
MLS Listing,,Condo/Co-op,728 W Jackson Blvd #319,Chicago,IL,60661,399000,2,1.5,CHI - Near West Side,,,1929,1,,611,Active,January-27-2024 12:00 PM,January-27-2024 01:30 PM,https://www.redfin.com/IL/Chicago/728-W-Jackson-Blvd-60661/unit-319/home/12814596,MRED as Distributed by MLS Grid,11962764,N,Y,41.8784074,-87.6449683
MLS Listing,,Condo/Co-op,2650 N Racine Ave #1,Chicago,IL,60614,1299000,4,2.5,CHI - Lincoln Park,,,2022,1,,287,Active,,,https://www.redfin.com/IL/Chicago/2650-N-Racine-Ave-60614/unit-1/home/13363461,MRED as Distributed by MLS Grid,11966755,N,Y,41.9304057,-87.6589199
MLS Listing,,Condo/Co-op,1516 W Huron St #1,Chicago,IL,60642,899000,4,2.5,CHI - West Town,2600,,2018,1,346,223,Active,,,https://www.redfin.com/IL/Chicago/1516-W-Huron-St-60642/unit-1/home/175653193,MRED as Distributed by MLS Grid,11911862,N,Y,41.8944854,-87.6663005
MLS Listing,,Single Family Residential,6143 N Forest Glen Ave,Chicago,IL,60646,899900,5,4.0,CHI - Forest Glen,2300,5619,1938,1,391,,Active,January-27-2024 01:00 PM,January-27-2024 03:00 PM,https://www.redfin.com/IL/Chicago/6143-N-Forest-Glen-Ave-60646/home/13515009,MRED as Distributed by MLS Grid,11909802,N,Y,41.9927994,-87.7397879
MLS Listing,,Multi-Family (2-4 Unit),5225 W Deming Pl,Chicago,IL,60639,470000,5,3.0,CHI - Belmont Cragin,,3125,,1,,,Active,,,https://www.redfin.com/IL/Chicago/5225-W-Deming-Pl-60639/home/183916265,MRED as Distributed by MLS Grid,11944236,N,Y,41.9266397,-87.7572665
MLS Listing,,Condo/Co-op,1942 W Belmont Ave Unit 2W,Chicago,IL,60657,624900,2,2.0,CHI - North Center,,,2024,1,,153,Active,,,https://www.redfin.com/IL/Chicago/1942-W-Belmont-Ave-60657/unit-2W/home/189505973,MRED as Distributed by MLS Grid,11966789,N,Y,41.9398471,-87.6776433
MLS Listing,,Multi-Family (2-4 Unit),3723 N Marshfield Ave,Chicago,IL,60613,825000,7,4.0,CHI - Lake View,,3125,1891,1,,,Active,January-27-2024 01:30 PM,January-27-2024 03:00 PM,https://www.redfin.com/IL/Chicago/3723-N-Marshfield-Ave-60613/home/13388320,MRED as Distributed by MLS Grid,11964216,N,Y,41.9495318,-87.6698629
MLS Listing,,Condo/Co-op,2104 W Addison St #2,Chicago,IL,60618,365000,1,1.0,CHI - North Center,1400,3750,1920,1,261,202,Active,January-27-2024 11:00 AM,January-27-2024 12:30 PM,https://www.redfin.com/IL/Chicago/2104-W-Addison-St-60618/unit-2/home/12613129,MRED as Distributed by MLS Grid,11933261,N,Y,41.9470668,-87.6812738
MLS Listing,,Multi-Family (2-4 Unit),2700 N Artesian Ave,Chicago,IL,60647,600000,5,3.0,CHI - Logan Square,,,1906,1,,,Active,January-27-2024 11:00 AM,January-27-2024 12:30 PM,https://www.redfin.com/IL/Chicago/2700-N-Artesian-Ave-60647/home/13450284,MRED as Distributed by MLS Grid,11964223,N,Y,41.9304631,-87.6892976
MLS Listing,,Condo/Co-op,4300 W Ford City Dr #1205,Chicago,IL,60652,31800,2,1.5,,816,,1968,1,39,,Active,,,https://www.redfin.com/IL/Chicago/Undisclosed-address-60652/home/13980010,MRED as Distributed by MLS Grid,11966589,N,Y,41.7539407,-87.7307287
MLS Listing,,Condo/Co-op,845 W Montrose Ave Unit 3E,Chicago,IL,60613,435000,2,2.0,CHI - Uptown,1500,,1905,1,290,296,Active,January-27-2024 11:00 AM,January-27-2024 01:00 PM,https://www.redfin.com/IL/Chicago/845-W-Montrose-Ave-60613/unit-3E/home/40368044,MRED as Distributed by MLS Grid,11942925,N,Y,41.9616177,-87.651759
MLS Listing,,Condo/Co-op,1720 S Michigan Ave #508,Chicago,IL,60616,340000,2,2.0,CHI - Near South Side,1050,,2006,1,324,633,Active,,,https://www.redfin.com/IL/Chicago/1720-S-Michigan-Ave-60616/unit-508/home/39558359,MRED as Distributed by MLS Grid,11948310,N,Y,41.8586026,-87.6246153
MLS Listing,,Condo/Co-op,2015 W Armitage Ave #4,Chicago,IL,60647,1200000,3,2.0,CHI - Logan Square,,,2015,1,,350,Active,January-27-2024 11:00 AM,January-27-2024 01:00 PM,https://www.redfin.com/IL/Chicago/2015-W-Armitage-Ave-60647/unit-4/home/77289550,MRED as Distributed by MLS Grid,11966014,N,Y,41.9175888,-87.6782422
MLS Listing,,Condo/Co-op,500 W Superior St #1004,Chicago,IL,60654,375000,2,2.0,Montgomery,,,1969,1,,840,Active,,,https://www.redfin.com/IL/Chicago/500-W-Superior-St-60654/unit-1004/home/18944816,MRED as Distributed by MLS Grid,11966750,N,Y,41.895951,-87.642196
MLS Listing,,Single Family Residential,4905 N California Ave,Chicago,IL,60625,1290000,5,3.5,CHI - Lincoln Square,3800,4199,,1,339,,Active,,,https://www.redfin.com/IL/Chicago/4905-N-California-Ave-60625/home/13491286,MRED as Distributed by MLS Grid,11961246,N,Y,41.9709692,-87.6984972
MLS Listing,,Condo/Co-op,2125 W Crystal St Unit 2E,Chicago,IL,60622,1250000,4,2.5,CHI - West Town,,,2024,1,,275,Active,January-27-2024 11:00 AM,January-27-2024 01:00 PM,https://www.redfin.com/IL/Chicago/2125-W-Crystal-St-60622/unit-2E/home/189505824,MRED as Distributed by MLS Grid,11966751,N,Y,41.9038131,-87.6808625
MLS Listing,,Condo/Co-op,4170 N Marine Dr Unit 7B,Chicago,IL,60613,360000,2,2.0,CHI - Uptown,1400,,1973,1,257,993,Active,,,https://www.redfin.com/IL/Chicago/4170-N-Marine-Dr-60613/unit-7B/home/13395401,MRED as Distributed by MLS Grid,11966753,N,Y,41.9576338,-87.647048
MLS Listing,,Condo/Co-op,2626 N Lakeview Ave Unit 4112-10,Chicago,IL,60614,675000,2,2.5,CHI - Lincoln Park,1775,,1969,1,380,1684,Active,,,https://www.redfin.com/IL/Chicago/2626-N-Lakeview-Ave-60614/unit-4112-10/home/189505760,MRED as Distributed by MLS Grid,11958406,N,Y,41.9303836,-87.639729
MLS Listing,,Single Family Residential,26 E 102nd St,Chicago,IL,60628,110000,3,1.0,CHI - Roseland,840,3123,1915,1,131,,Active,,,https://www.redfin.com/IL/Chicago/26-E-102nd-St-60628/home/13090489,MRED as Distributed by MLS Grid,11966329,N,Y,41.7092207,-87.6225088
MLS Listing,,Condo/Co-op,2223 W Wabansia Ave Unit 1W,Chicago,IL,60647,824900,4,3.0,CHI - West Town,2600,,2012,1,317,326,Active,January-27-2024 11:00 AM,January-27-2024 01:00 PM,https://www.redfin.com/IL/Chicago/2223-W-Wabansia-Ave-60647/unit-1W/home/40342291,MRED as Distributed by MLS Grid,11950640,N,Y,41.9124447,-87.6834993
MLS Listing,,Condo/Co-op,1938 W Belmont Ave #2,Chicago,IL,60657,599900,2,2.0,CHI - North Center,,,2024,1,,123,Active,January-27-2024 12:00 PM,January-27-2024 02:00 PM,https://www.redfin.com/IL/Chicago/1938-W-Belmont-Ave-60657/unit-2/home/184864814,MRED as Distributed by MLS Grid,11966731,N,Y,41.93985,-87.677385
MLS Listing,,Condo/Co-op,4170 N Marine Dr Unit 5M,Chicago,IL,60613,174900,1,1.0,The Waterford,950,,1973,1,184,641,Active,,,https://www.redfin.com/IL/Chicago/4170-N-Marine-Dr-60613/unit-5M/home/189505657,MRED as Distributed by MLS Grid,11966042,N,Y,41.9576338,-87.647048
MLS Listing,,Condo/Co-op,4170 N Marine Dr Unit 5D,Chicago,IL,60613,179900,1,1.0,The Waterford,950,,1974,1,189,682,Active,,,https://www.redfin.com/IL/Chicago/4170-N-Marine-Dr-60613/unit-5D/home/13395706,MRED as Distributed by MLS Grid,11966344,N,Y,41.9576338,-87.647048
MLS Listing,,Multi-Family (2-4 Unit),3459 W Walnut St,Chicago,IL,60624,400000,6,3.0,CHI - East Garfield Park,,,,1,,,Active,,,https://www.redfin.com/IL/Chicago/3459-W-Walnut-St-60624/home/13260671,MRED as Distributed by MLS Grid,11965950,N,Y,41.8852802,-87.7133898
MLS Listing,,Condo/Co-op,400 E Randolph St #3129,Chicago,IL,60601,539000,2,2.0,CHI - Loop,1250,,1963,1,431,1090,Active,,,https://www.redfin.com/IL/Chicago/400-E-Randolph-St-60601/unit-3129/home/14094556,MRED as Distributed by MLS Grid,11960841,N,Y,41.885003,-87.6168638
MLS Listing,,Single Family Residential,2507 N New England Ave,Chicago,IL,60707,420000,6,3.0,CHI - Montclare,,3750,1925,1,,,Active,,,https://www.redfin.com/IL/Chicago/2507-N-New-England-Ave-60707/home/13433831,MRED as Distributed by MLS Grid,11964503,N,Y,41.9256723,-87.7974838
MLS Listing,,Condo/Co-op,2858 N Damen Ave #1,Chicago,IL,60618,599900,3,3.0,CHI - North Center,2200,,2000,1,273,142,Active,,,https://www.redfin.com/IL/Chicago/2858-N-Damen-Ave-60618/unit-1/home/12716222,MRED as Distributed by MLS Grid,11939979,N,Y,41.9339791,-87.6784733
MLS Listing,,Condo/Co-op,2628 N Halsted St Unit 4S,Chicago,IL,60614,899000,3,2.5,CHI - Lincoln Park,,,2013,1,,405,Active,January-27-2024 12:00 PM,January-27-2024 01:30 PM,https://www.redfin.com/IL/Chicago/2628-N-Halsted-St-60614/unit-4S/home/113044299,MRED as Distributed by MLS Grid,11965357,N,Y,41.9299739,-87.6491844
MLS Listing,,Condo/Co-op,2656 W Augusta Blvd #1,Chicago,IL,60622,549000,3,2.5,CHI - West Town,,,2018,1,,266,Active,January-27-2024 11:00 AM,January-27-2024 02:00 PM,https://www.redfin.com/IL/Chicago/2656-W-Augusta-Blvd-60622/unit-1/home/144234552,MRED as Distributed by MLS Grid,11966357,N,Y,41.8994474,-87.6940834
MLS Listing,,Single Family Residential,4734 S Langley Ave,Chicago,IL,60615,539900,4,3.5,CHI - Grand Boulevard,2700,1984,1893,1,200,,Active,,,https://www.redfin.com/IL/Chicago/4734-S-Langley-Ave-60615/home/13952051,MRED as Distributed by MLS Grid,11966686,N,Y,41.8084555,-87.6092702
MLS Listing,,Condo/Co-op,161 E Chicago Ave Unit 52A,Chicago,IL,60611,1950000,3,2.5,Streeterville,2578,,1985,1,756,2314,Active,,,https://www.redfin.com/IL/Chicago/161-E-Chicago-Ave-60611/unit-52A/home/14098038,MRED as Distributed by MLS Grid,11960294,N,Y,41.8964162,-87.6233837
MLS Listing,,Single Family Residential,10427 S Avenue F,Chicago,IL,60617,299000,5,4.0,CHI - East Side,1900,1500,1924,1,157,,Active,,,https://www.redfin.com/IL/Chicago/10427-S-Avenue-F-60617/home/13039621,MRED as Distributed by MLS Grid,11966696,N,Y,41.7055192,-87.5301627
MLS Listing,,Condo/Co-op,1500 W Monroe St #401,Chicago,IL,60607,375000,2,2.0,CHI - Near West Side,1200,,,1,313,564,Active,,,https://www.redfin.com/IL/Chicago/1500-W-Monroe-St-60607/unit-401/home/12591919,MRED as Distributed by MLS Grid,11965511,N,Y,41.8805713,-87.6651645
MLS Listing,,Condo/Co-op,2023 W Erie St #1,Chicago,IL,60612,875000,3,2.5,CHI - West Town,2217,,2018,1,395,228,Active,January-27-2024 11:00 AM,January-27-2024 01:00 PM,https://www.redfin.com/IL/Chicago/2023-W-Erie-St-60612/unit-1/home/14105761,MRED as Distributed by MLS Grid,11965812,N,Y,41.8930324,-87.6779272
MLS Listing,,Multi-Family (2-4 Unit),3805 N Sacramento Ave,Chicago,IL,60618,649900,4,3.0,CHI - Irving Park,,3125,1922,1,,,Active,,,https://www.redfin.com/IL/Chicago/3805-N-Sacramento-Ave-60618/home/13453266,MRED as Distributed by MLS Grid,11966672,N,Y,41.9505364,-87.7027319
MLS Listing,,Single Family Residential,1216 W George St,Chicago,IL,60657,3199900,6,4.5,CHI - Lake View,5600,3075,2024,1,571,,Active,,,https://www.redfin.com/IL/Chicago/1216-W-George-St-60657/home/13364096,MRED as Distributed by MLS Grid,11960590,N,Y,41.9345661,-87.6596351
MLS Listing,,Condo/Co-op,40 E 9th St #514,Chicago,IL,60605,224900,1,1.0,CHI - Loop,530,,1920,1,424,525,Active,January-27-2024 12:00 PM,January-27-2024 02:00 PM,https://www.redfin.com/IL/Chicago/40-E-9th-St-60605/unit-514/home/12662425,MRED as Distributed by MLS Grid,11962640,N,Y,41.8707463,-87.6263403
MLS Listing,,Condo/Co-op,2311 N Commonwealth Ave Unit 2W,Chicago,IL,60614,395000,2,1.0,CHI - Lincoln Park,940,,1916,1,420,446,Active,January-27-2024 01:00 PM,January-27-2024 03:00 PM,https://www.redfin.com/IL/Chicago/2311-N-Commonwealth-Ave-60614/unit-2W/home/13349354,MRED as Distributed by MLS Grid,11937085,N,Y,41.9242128,-87.6379383
MLS Listing,,Condo/Co-op,1238 N Bosworth Ave #102,Chicago,IL,60642,749999,3,2.5,CHI - West Town,,,2019,1,,435,Active,January-27-2024 12:00 PM,January-27-2024 02:00 PM,https://www.redfin.com/IL/Chicago/1238-N-Bosworth-Ave-60642/unit-102/home/177648749,MRED as Distributed by MLS Grid,11966657,N,Y,41.904604,-87.66654
MLS Listing,,Condo/Co-op,4017 N Southport Ave #1,Chicago,IL,60613,290000,2,1.0,CHI - Lake View,,,,1,,332,Active,,,https://www.redfin.com/IL/Chicago/4017-N-Southport-Ave-60613/unit-1/home/12743319,MRED as Distributed by MLS Grid,11950127,N,Y,41.954918,-87.663868
MLS Listing,,Single Family Residential,2842 N 75th Ct,Elmwood Park,IL,60707,545900,5,3.0,Elmwood Park,2800,4125,1928,1,195,,Active,,,https://www.redfin.com/IL/Elmwood-Park/2842-N-75th-Ct-60707/home/13538279,MRED as Distributed by MLS Grid,11966581,N,Y,41.9322802,-87.8153835
MLS Listing,,Single Family Residential,4122 N Austin Ave,Chicago,IL,60634,415000,7,4.0,CHI - Portage Park,2157,,1923,1,192,,Active,January-27-2024 01:00 AM,January-27-2024 03:00 PM,https://www.redfin.com/IL/Chicago/4122-N-Austin-Ave-60634/home/13473806,MRED as Distributed by MLS Grid,11966601,N,Y,41.9555595,-87.777198
MLS Listing,,Single Family Residential,5526 S Rutherford Ave,Chicago,IL,60638,439900,4,2.0,CHI - Garfield Ridge,3120,4250,2003,1,141,,Active,,,https://www.redfin.com/IL/Chicago/5526-S-Rutherford-Ave-60638/home/14000468,MRED as Distributed by MLS Grid,11966639,N,Y,41.791298,-87.7906125
MLS Listing,,Multi-Family (2-4 Unit),4316 W Adams St,Chicago,IL,60624,699900,14,4.0,CHI - West Garfield Park,,6250,,1,,,Active,,,https://www.redfin.com/IL/Chicago/4316-W-Adams-St-60624/home/13255451,MRED as Distributed by MLS Grid,11966455,N,Y,41.8780526,-87.7336533
MLS Listing,,Multi-Family (2-4 Unit),6833 S Merrill Ave,Chicago,IL,60649,699900,9,6.0,CHI - South Shore,,3125,1913,1,,,Active,,,https://www.redfin.com/IL/Chicago/6833-S-Merrill-Ave-60649/home/188752947,MRED as Distributed by MLS Grid,11966634,N,Y,41.7707127,-87.5724293
MLS Listing,,Single Family Residential,6124 W 64th Pl,Chicago,IL,60638,312901,3,2.0,CHI - Clearing,1228,3750,1962,1,255,,Active,,,https://www.redfin.com/IL/Chicago/6124-W-64th-Pl-60638/home/13996289,MRED as Distributed by MLS Grid,11966618,N,Y,41.7752853,-87.7748923
MLS Listing,,Condo/Co-op,70 W Huron St #2203,Chicago,IL,60654,294000,1,1.0,CHI - Near North Side,950,,1985,1,309,756,Active,,,https://www.redfin.com/IL/Chicago/70-W-Huron-St-60654/unit-2203/home/14101291,MRED as Distributed by MLS Grid,11962332,N,Y,41.8953693,-87.6309007
MLS Listing,,Single Family Residential,2238 N Mulligan Ave,Chicago,IL,60639,474900,5,3.0,CHI - Belmont Cragin,1240,3125,1929,1,383,,Active,,,https://www.redfin.com/IL/Chicago/2238-N-Mulligan-Ave-60639/home/13428978,MRED as Distributed by MLS Grid,11966615,N,Y,41.9214769,-87.7844591
MLS Listing,,Single Family Residential,7929 S Ingleside Ave,Chicago,IL,60619,269900,4,2.0,CHI - Chatham,1100,4164,1913,1,245,,Active,,,https://www.redfin.com/IL/Chicago/7929-S-Ingleside-Ave-60619/home/13223940,MRED as Distributed by MLS Grid,11966619,N,Y,41.7503822,-87.6012594
MLS Listing,,Single Family Residential,10152 S Winston Ave,Chicago,IL,60643,230000,4,3.0,CHI - Washington Heights,2822,,1920,1,82,,Active,,,https://www.redfin.com/IL/Chicago/10152-S-Winston-Ave-60643/home/13094949,MRED as Distributed by MLS Grid,11966301,N,Y,41.7099117,-87.6560675
MLS Listing,,Single Family Residential,932 E 50th St,Chicago,IL,60615,749900,7,5.5,CHI - Kenwood,5000,19166,1880,1,150,,Active,,,https://www.redfin.com/IL/Chicago/932-E-50th-St-60615/home/13950017,MRED as Distributed by MLS Grid,11966594,N,Y,41.80446,-87.602504
MLS Listing,,Single Family Residential,2442 W 107th St,Chicago,IL,60655,175000,2,1.0,CHI - Beverly,1118,3746,1943,1,157,,Active,,,https://www.redfin.com/IL/Chicago/2442-W-107th-St-60655/home/13156703,MRED as Distributed by MLS Grid,11965019,N,Y,41.6992824,-87.683172
MLS Listing,,Single Family Residential,10340 S Union Ave,Chicago,IL,60628,125000,3,1.5,CHI - Roseland,800,6250,1923,1,156,,Active,,,https://www.redfin.com/IL/Chicago/10340-S-Union-Ave-60628/home/13078522,MRED as Distributed by MLS Grid,11966469,N,Y,41.7057322,-87.6406348
MLS Listing,,Multi-Family (2-4 Unit),4110 S Western Ave,Chicago,IL,60609,300000,5,2.0,CHI - Brighton Park,,2613,1900,1,,,Active,,,https://www.redfin.com/IL/Chicago/4110-S-Western-Ave-60609/home/14036603,MRED as Distributed by MLS Grid,11960997,N,Y,41.8189064,-87.6850514
MLS Listing,,Condo/Co-op,758 N Larrabee St #731,Chicago,IL,60654,265000,1,1.0,One River Place,800,,1929,1,331,460,Active,,,https://www.redfin.com/IL/Chicago/758-N-Larrabee-St-60654/unit-731/home/12705364,MRED as Distributed by MLS Grid,11966508,N,Y,41.895943,-87.6436993
MLS Listing,,Condo/Co-op,100 E 14th St #1201,Chicago,IL,60605,670000,3,2.0,1400 Museum Park,1667,,2007,1,402,1032,Active,January-28-2024 11:00 AM,January-28-2024 01:00 PM,https://www.redfin.com/IL/Chicago/100-E-14th-St-60605/unit-1201/home/39569781,MRED as Distributed by MLS Grid,11960034,N,Y,41.8642505,-87.6236871
MLS Listing,,Condo/Co-op,60 E Monroe St #2808,Chicago,IL,60603,594888,2,2.0,CHI - Loop,1342,,2009,1,443,1062,Active,January-28-2024 01:00 PM,January-28-2024 02:30 PM,https://www.redfin.com/IL/Chicago/60-E-Monroe-St-60603/unit-2808/home/45511750,MRED as Distributed by MLS Grid,11966143,N,Y,41.8809978,-87.6256565
MLS Listing,,Condo/Co-op,1942 N Sedgwick St #1,Chicago,IL,60614,2195000,4,3.5,CHI - Lincoln Park,3300,,2016,1,665,237,Active,,,https://www.redfin.com/IL/Chicago/1942-N-Sedgwick-St-60614/unit-1/home/167585838,MRED as Distributed by MLS Grid,11902179,N,Y,41.9177445,-87.6389978
MLS Listing,,Single Family Residential,10906 S Eggleston Ave,Chicago,IL,60628,175000,4,2.0,CHI - Roseland,2026,3689,1930,1,86,,Active,,,https://www.redfin.com/IL/Chicago/10906-S-Eggleston-Ave-60628/home/13076660,MRED as Distributed by MLS Grid,11963672,N,Y,41.6958096,-87.6343491
MLS Listing,,Single Family Residential,2513 W Warren Blvd,Chicago,IL,60612,529900,5,2.0,CHI - Near West Side,1799,,1884,1,295,,Active,,,https://www.redfin.com/IL/Chicago/2513-W-Warren-Blvd-60612/home/13260066,MRED as Distributed by MLS Grid,11945100,N,Y,41.8818727,-87.689111
MLS Listing,,Single Family Residential,3216 W Walnut St,Chicago,IL,60624,600000,5,3.0,CHI - East Garfield Park,2950,4250,1885,1,203,,Active,January-27-2024 11:00 AM,January-27-2024 01:00 PM,https://www.redfin.com/IL/Chicago/3216-W-Walnut-St-60624/home/13261438,MRED as Distributed by MLS Grid,11949296,N,Y,41.8856069,-87.7070154
MLS Listing,,Single Family Residential,2104 W 71st Pl,Chicago,IL,60636,177000,5,2.0,CHI - West Englewood,1083,6250,1954,1,163,,Active,,,https://www.redfin.com/IL/Chicago/2104-W-71st-Pl-60636/home/13912211,MRED as Distributed by MLS Grid,11966418,N,Y,41.764085,-87.6762586
MLS Listing,,Multi-Family (2-4 Unit),423 S Homan Ave,Chicago,IL,60624,559900,10,5.0,CHI - East Garfield Park,,,1910,1,,,Active,,,https://www.redfin.com/IL/Chicago/423-S-Homan-Ave-60624/home/13257518,MRED as Distributed by MLS Grid,11966525,N,Y,41.8747389,-87.7105494
MLS Listing,,Single Family Residential,7927 S Sangamon St,Chicago,IL,60620,294500,6,2.5,CHI - Auburn Gresham,1872,4090,1913,1,157,,Active,,,https://www.redfin.com/IL/Chicago/7927-S-Sangamon-St-60620/home/13906172,MRED as Distributed by MLS Grid,11966537,N,Y,41.7497251,-87.6474188
MLS Listing,,Condo/Co-op,2044 W Haddon Ave #3,Chicago,IL,60622,415000,2,2.0,CHI - West Town,,,1912,1,,210,Active,,,https://www.redfin.com/IL/Chicago/2044-W-Haddon-Ave-60622/unit-3/home/12741308,MRED as Distributed by MLS Grid,11966516,N,Y,41.9024143,-87.678974
MLS Listing,,Condo/Co-op,211 E Ohio St #1114,Chicago,IL,60611,210000,1,1.0,CHI - Near North Side,750,,1984,1,280,628,Active,,,https://www.redfin.com/IL/Chicago/211-E-Ohio-St-60611/unit-1114/home/12765397,MRED as Distributed by MLS Grid,11966534,N,Y,41.8923975,-87.6216907
MLS Listing,,Multi-Family (2-4 Unit),2830 S Saint Louis Ave,Chicago,IL,60623,269999,6,3.0,CHI - South Lawndale,,3125,1904,1,,,Active,,,https://www.redfin.com/IL/Chicago/2830-S-Saint-Louis-Ave-60623/home/14148102,MRED as Distributed by MLS Grid,11966047,N,Y,41.8397997,-87.7125177
MLS Listing,,Condo/Co-op,600 W Patterson Ave #2,Chicago,IL,60613,239000,1,1.0,CHI - Lake View,,,,1,,468,Active,,,https://www.redfin.com/IL/Chicago/600-W-Patterson-Ave-60613/unit-2/home/183910124,MRED as Distributed by MLS Grid,11961863,N,Y,41.9490267,-87.6465328
MLS Listing,,Multi-Family (2-4 Unit),8127 S Escanaba Ave,Chicago,IL,60617,284700,4,2.0,CHI - South Chicago,,,1895,1,,,Active,,,https://www.redfin.com/IL/Chicago/8127-S-Escanaba-Ave-60617/home/13213439,MRED as Distributed by MLS Grid,11966519,N,Y,41.7474719,-87.5537733
MLS Listing,,Condo/Co-op,345 N La Salle St #3006,Chicago,IL,60654,485000,2,2.0,CHI - Near North Side,1150,,2002,1,422,759,Active,January-27-2024 01:00 PM,January-27-2024 03:00 PM,https://www.redfin.com/IL/Chicago/345-N-La-Salle-Dr-60654/unit-3006/home/12696027,MRED as Distributed by MLS Grid,11966241,N,Y,41.8888753,-87.6318248
MLS Listing,,Single Family Residential,10841 S Vernon Ave,Chicago,IL,60628,134900,3,2.0,CHI - Roseland,1201,,1951,1,112,,Active,,,https://www.redfin.com/IL/Chicago/10841-S-Vernon-Ave-60628/home/13081371,MRED as Distributed by MLS Grid,11966422,N,Y,41.6969783,-87.6120374
MLS Listing,,Single Family Residential,4725 W Berenice Ave,Chicago,IL,60641,315000,4,2.0,CHI - Portage Park,1600,3125,1914,1,197,,Active,,,https://www.redfin.com/IL/Chicago/4725-W-Berenice-Ave-60641/home/13459779,MRED as Distributed by MLS Grid,11965618,N,Y,41.9504817,-87.7457034
MLS Listing,,Single Family Residential,1642 N Keeler Ave,Chicago,IL,60639,649000,4,3.0,CHI - Humboldt Park,,3125,2023,1,,,Active,,,https://www.redfin.com/IL/Chicago/1642-N-Keeler-Ave-60639/home/40384072,MRED as Distributed by MLS Grid,11966483,N,Y,41.9111344,-87.7315559
MLS Listing,,Single Family Residential,4513 N Ashland Ave,Chicago,IL,60640,899000,7,3.5,CHI - Uptown,,7762,1891,1,,,Active,,,https://www.redfin.com/IL/Chicago/4513-N-Ashland-Ave-60640/home/182854329,MRED as Distributed by MLS Grid,11950246,N,Y,41.9638724,-87.6689588
MLS Listing,,Condo/Co-op,2900 N Central Park Ave Unit G,Chicago,IL,60618,289000,3,2.0,CHI - Avondale,1000,,1906,1,289,310,Active,,,https://www.redfin.com/IL/Chicago/2900-N-Central-Park-Ave-60618/unit-G/home/26806338,MRED as Distributed by MLS Grid,11966475,N,Y,41.9338447,-87.7175483
MLS Listing,,Condo/Co-op,722 W 17th Pl Unit 2W,Chicago,IL,60616,469000,3,2.0,CHI - Lower West Side,1500,,2018,1,313,240,Active,,,https://www.redfin.com/IL/Chicago/722-W-17th-Pl-60616/unit-2W/home/144831094,MRED as Distributed by MLS Grid,11955584,N,Y,41.8585069,-87.6458061
MLS Listing,,Single Family Residential,2859 N Wolcott Ave,Chicago,IL,60657,899900,4,3.0,Landmark Village,2400,2265,1996,1,375,127,Active,January-27-2024 01:00 PM,January-27-2024 02:30 PM,https://www.redfin.com/IL/Chicago/2859-N-Wolcott-Ave-60657/home/13358204,MRED as Distributed by MLS Grid,11943315,N,Y,41.9339978,-87.6741994
MLS Listing,,Condo/Co-op,1524 N Mohawk St #2,Chicago,IL,60610,749000,2,2.0,CHI - Near North Side,1400,,2023,1,535,170,Active,,,https://www.redfin.com/IL/Chicago/1524-N-Mohawk-St-60610/unit-2/home/185380254,MRED as Distributed by MLS Grid,11966468,N,Y,41.9099664,-87.6424914
MLS Listing,,Condo/Co-op,1000 W Washington Blvd #147,Chicago,IL,60607,1399000,3,2.5,CHI - Near West Side,3175,,1882,1,441,1442,Active,January-27-2024 12:00 PM,January-27-2024 03:00 PM,https://www.redfin.com/IL/Chicago/1000-W-Washington-Blvd-60607/unit-147/home/12789569,MRED as Distributed by MLS Grid,11966331,N,Y,41.883627,-87.652422
MLS Listing,,Condo/Co-op,514 N Leavitt St #303,Chicago,IL,60612,609000,3,2.0,CHI - West Town,,,2023,1,,189,Active,,,https://www.redfin.com/IL/Chicago/514-N-Leavitt-St-60612/unit-303/home/189500444,MRED as Distributed by MLS Grid,11966457,N,Y,41.8913274,-87.6819648
MLS Listing,,Single Family Residential,8740 California Ave S,Evergreen Park,IL,60805,383000,5,2.0,Evergreen Park,2000,5000,1950,1,192,,Active,,,https://www.redfin.com/IL/Evergreen-Park/8740-S-California-Ave-60805/home/183682971,MRED as Distributed by MLS Grid,11961735,N,Y,41.7340102,-87.6926492
MLS Listing,,Condo/Co-op,2210 W Huron St Unit 3E,Chicago,IL,60612,615000,3,3.0,CHI - West Town,,,2000,1,,230,Active,,,https://www.redfin.com/IL/Chicago/2210-W-Huron-St-60612/unit-3E/home/12650092,MRED as Distributed by MLS Grid,11966450,N,Y,41.8942723,-87.6824965
MLS Listing,,Parking,400 N Clinton St Unit P28,Chicago,IL,60654,25000,,,CHI - West Town,,136,2000,1,,63,Active,,,https://www.redfin.com/IL/Chicago/400-N-Clinton-St-60654/unit-P28/home/12766303,MRED as Distributed by MLS Grid,11966447,N,Y,41.8893482,-87.6407545
MLS Listing,,Condo/Co-op,756 W California Ter #3,Chicago,IL,60657,329000,2,1.0,CHI - Lake View,926,,,1,355,391,Active,January-27-2024 10:00 AM,January-27-2024 01:00 PM,https://www.redfin.com/IL/Chicago/756-W-California-Ter-60657/unit-3/home/13373931,MRED as Distributed by MLS Grid,11966205,N,Y,41.9387261,-87.6485597
MLS Listing,,Multi-Family (2-4 Unit),37 N Waller Ave,Chicago,IL,60644,197500,5,2.0,CHI - Austin,,6098,1900,1,,,Active,,,https://www.redfin.com/IL/Chicago/37-N-Waller-Ave-60644/home/13265905,MRED as Distributed by MLS Grid,11966403,N,Y,41.8813836,-87.7678464
MLS Listing,,Single Family Residential,1735 N Honore St,Chicago,IL,60622,4250000,6,6.5,CHI - West Town,8000,5808,2009,1,531,,Active,,,https://www.redfin.com/IL/Chicago/1735-N-Honore-St-60622/home/13355073,MRED as Distributed by MLS Grid,11874224,N,Y,41.9134654,-87.6735815
MLS Listing,,Condo/Co-op,4945 N Harlem Ave #2,Chicago,IL,60656,159900,1,1.0,CHI - Norwood Park,803,,1978,1,199,293,Active,,,https://www.redfin.com/IL/Chicago/4945-N-Harlem-Ave-60656/unit-2/home/12597357,MRED as Distributed by MLS Grid,11964635,N,Y,41.9715535,-87.8068004
MLS Listing,,Multi-Family (2-4 Unit),4908 W Adams St,Chicago,IL,60644,389900,6,3.0,CHI - Austin,,3125,1922,1,,,Active,,,https://www.redfin.com/IL/Chicago/4908-W-Adams-St-60644/home/183951702,MRED as Distributed by MLS Grid,11966393,N,Y,41.8787581,-87.7477723
MLS Listing,,Condo/Co-op,55 E Erie St #3301,Chicago,IL,60611,779500,2,2.0,CHI - Near North Side,1588,,2004,1,491,1069,Active,,,https://www.redfin.com/IL/Chicago/55-E-Erie-St-60611/unit-3301/home/12679712,MRED as Distributed by MLS Grid,11964360,N,Y,41.8943521,-87.6262824
MLS Listing,,Multi-Family (2-4 Unit),1029 W Wolfram St,Chicago,IL,60657,1099000,10,4.0,CHI - Lake View,,3125,,1,,,Active,,,https://www.redfin.com/IL/Chicago/1029-W-Wolfram-St-60657/home/13362329,MRED as Distributed by MLS Grid,11966167,N,Y,41.9333093,-87.6550485
MLS Listing,,Townhouse,813 N Racine Ave Unit 1N,Chicago,IL,60642,455000,3,2.0,CHI - West Town,1900,,,1,239,403,Active,January-27-2024 01:00 PM,January-27-2024 03:00 PM,https://www.redfin.com/IL/Chicago/813-N-Racine-Ave-60642/unit-1N/home/79154097,MRED as Distributed by MLS Grid,11961780,N,Y,41.8967195,-87.6574027
MLS Listing,,Condo/Co-op,366 W Superior St #1001,Chicago,IL,60654,3499724,6,5.5,CHI - Near North Side,4500,,2020,1,778,2684,Active,,,https://www.redfin.com/IL/Chicago/366-W-Superior-St-60654/unit-1001/home/144289118,MRED as Distributed by MLS Grid,11966242,N,Y,41.895818,-87.6383393
MLS Listing,,Condo/Co-op,2024 W Irving Park Rd #402,Chicago,IL,60618,880000,3,2.5,CHI - North Center,,,2024,1,,,Active,,,https://www.redfin.com/IL/Chicago/2024-W-Irving-Park-Rd-60618/unit-402/home/187830729,MRED as Distributed by MLS Grid,11966370,N,Y,41.9544304,-87.6798188
MLS Listing,,Condo/Co-op,2024 W Irving Park Rd #203,Chicago,IL,60618,730000,3,2.5,CHI - North Center,,,2024,1,,,Active,,,https://www.redfin.com/IL/Chicago/2024-W-Irving-Park-Rd-60618/unit-203/home/187830739,MRED as Distributed by MLS Grid,11966360,N,Y,41.9544304,-87.6798188
MLS Listing,,Multi-Family (2-4 Unit),7115 S Michigan Ave,Chicago,IL,60619,399000,7,3.0,CHI - Greater Grand Crossing,,,1909,1,,,Active,,,https://www.redfin.com/IL/Chicago/7115-S-Michigan-Ave-60619/home/13920433,MRED as Distributed by MLS Grid,11966276,N,Y,41.7651206,-87.6213182
MLS Listing,,Condo/Co-op,1440 N Lake Shore Dr Unit 17H,Chicago,IL,60610,555000,3,2.5,CHI - Near North Side,1800,,1965,1,308,1886,Active,,,https://www.redfin.com/IL/Chicago/1440-N-Lake-Shore-Dr-60610/unit-17H/home/14126219,MRED as Distributed by MLS Grid,11923773,N,Y,41.9089622,-87.6266981
MLS Listing,,Condo/Co-op,1155 N Dearborn St #801,Chicago,IL,60610,1100000,3,2.5,Elm Tower,2632,,2003,1,418,2289,Active,,,https://www.redfin.com/IL/Chicago/1155-N-Dearborn-St-60610/unit-801/home/12704856,MRED as Distributed by MLS Grid,11963946,N,Y,41.9034624,-87.6296443
MLS Listing,,Condo/Co-op,340 W Superior St #802,Chicago,IL,60654,390000,1,1.0,CHI - Near North Side,,,2001,1,,712,Active,,,https://www.redfin.com/IL/Chicago/340-W-Superior-St-60654/unit-802/home/12680970,MRED as Distributed by MLS Grid,11965291,N,Y,41.8957828,-87.6377203
MLS Listing,,Single Family Residential,1910 W Cortland St,Chicago,IL,60622,1699000,5,4.5,CHI - Logan Square,4250,3024,2003,1,400,,Active,January-27-2024 01:30 PM,January-27-2024 03:00 PM,https://www.redfin.com/IL/Chicago/1910-W-Cortland-St-60622/home/12716628,MRED as Distributed by MLS Grid,11937060,N,Y,41.9161807,-87.6756615
MLS Listing,,Single Family Residential,12330 S Sangamon St,Calumet Park,IL,60827,189000,3,2.0,Calumet Park,1087,5000,1946,1,174,,Active,January-27-2024 01:00 PM,January-27-2024 03:00 PM,https://www.redfin.com/IL/Calumet-Park/12330-S-Sangamon-St-60827/home/13051034,MRED as Distributed by MLS Grid,11965340,N,Y,41.6693007,-87.6455542
MLS Listing,,Condo/Co-op,415 E North Water St #604,Chicago,IL,60611,2595000,3,3.5,CHI - Near North Side,3400,,2004,1,763,1963,Active,,,https://www.redfin.com/IL/Chicago/415-E-North-Water-St-60611/unit-604/home/12569767,MRED as Distributed by MLS Grid,11950658,N,Y,41.8893735,-87.6168504
MLS Listing,,Multi-Family (2-4 Unit),552 E 46th Pl,Chicago,IL,60653,999999,6,6.0,Bronzeville,,3250,2020,1,,,Active,,,https://www.redfin.com/IL/Chicago/552-E-46th-Pl-60653/home/188201199,MRED as Distributed by MLS Grid,11966318,N,Y,41.8104091,-87.612158
MLS Listing,,Condo/Co-op,2518 N Willetts Ct Unit 2S,Chicago,IL,60647,499900,2,2.5,CHI - Logan Square,,,2006,1,,390,Active,January-28-2024 12:30 PM,January-28-2024 02:00 PM,https://www.redfin.com/IL/Chicago/2518-N-Willetts-Ct-60647/unit-2S/home/18922366,MRED as Distributed by MLS Grid,11962496,N,Y,41.9274091,-87.7033291
MLS Listing,,Condo/Co-op,850 N Dewitt Pl Unit 4G,Chicago,IL,60611,184000,1,1.0,CHI - Near North Side,,,1957,1,,724,Active,,,https://www.redfin.com/IL/Chicago/850-N-Dewitt-Pl-60611/unit-4G/home/14116759,MRED as Distributed by MLS Grid,11965064,N,Y,41.8982232,-87.620759
MLS Listing,,Townhouse,20 E 91st St,Chicago,IL,60619,49900,2,1.0,CHI - Chatham,1800,7000,,1,28,,Active,,,https://www.redfin.com/IL/Chicago/20-E-91st-St-60619/home/13111892,MRED as Distributed by MLS Grid,11966309,N,Y,41.7295661,-87.6231269
MLS Listing,,Single Family Residential,5647 S Ashland Ave,Chicago,IL,60636,57900,3,1.0,CHI - West Englewood,1100,3125,1885,1,53,,Active,,,https://www.redfin.com/IL/Chicago/5647-S-Ashland-Ave-60636/home/189499446,MRED as Distributed by MLS Grid,11966278,N,Y,41.790871,-87.6642325
MLS Listing,,Single Family Residential,732 E 105th Pl,Chicago,IL,60628,129900,2,1.0,CHI - Pullman,864,3125,1944,1,150,,Active,,,https://www.redfin.com/IL/Chicago/732-E-105th-Pl-60628/home/13079941,MRED as Distributed by MLS Grid,11966277,N,Y,41.7030722,-87.604924
MLS Listing,,Condo/Co-op,10 E Ontario St #1705,Chicago,IL,60611,285000,1,1.0,CHI - Near North Side,995,,1983,1,286,677,Active,,,https://www.redfin.com/IL/Chicago/10-E-Ontario-St-60611/unit-1705/home/22672053,MRED as Distributed by MLS Grid,11965761,N,Y,41.8934976,-87.6277186
MLS Listing,,Single Family Residential,10846 S Normal Ave,Chicago,IL,60628,259000,5,3.0,CHI - Roseland,2736,4268,1928,1,95,,Active,,,https://www.redfin.com/IL/Chicago/10846-S-Normal-Ave-60628/home/13076929,MRED as Distributed by MLS Grid,11966218,N,Y,41.6965269,-87.6355848
MLS Listing,,Multi-Family (2-4 Unit),2229 W Augusta Blvd,Chicago,IL,60622,1400000,6,6.0,CHI - West Town,,3920,1912,1,,,Active,,,https://www.redfin.com/IL/Chicago/2229-W-Augusta-Blvd-60622/home/14107253,MRED as Distributed by MLS Grid,11956744,N,Y,41.8992503,-87.6832239
MLS Listing,,Condo/Co-op,222 N Columbus Dr #409,Chicago,IL,60601,389000,2,2.0,Park Millennium Condos,1225,,2002,1,318,1122,Active,January-28-2024 11:00 AM,January-28-2024 12:30 PM,https://www.redfin.com/IL/Chicago/222-N-Columbus-Dr-60601/unit-409/home/12607498,MRED as Distributed by MLS Grid,11964341,N,Y,41.8866273,-87.6209887
MLS Listing,,Condo/Co-op,3326 N Clifton Ave #1,Chicago,IL,60657,1139000,4,3.5,CHI - Lake View,2400,,2023,1,475,339,Active,,,https://www.redfin.com/IL/Chicago/3326-N-Clifton-Ave-60657/unit-1/home/186232602,MRED as Distributed by MLS Grid,11966239,N,Y,41.9425181,-87.658096
MLS Listing,,Single Family Residential,5121 N Lowell Ave,Chicago,IL,60630,460000,5,3.0,Albany on River Park,,3750,1922,1,,,Active,,,https://www.redfin.com/IL/Chicago/5121-N-Lowell-Ave-60630/home/13495904,MRED as Distributed by MLS Grid,11966237,N,Y,41.9743261,-87.736564
MLS Listing,,Single Family Residential,4922 N Austin Ave,Chicago,IL,60630,250000,2,1.0,CHI - Jefferson Park,720,3690,1938,1,347,,Active,,,https://www.redfin.com/IL/Chicago/4922-N-Austin-Ave-60630/home/13501522,MRED as Distributed by MLS Grid,11953575,N,Y,41.9710314,-87.7785431
MLS Listing,,Vacant Land,3946 W Dickens Ave,Chicago,IL,60647,249900,,,CHI - Logan Square,,3049,,1,,,Active,,,https://www.redfin.com/IL/Chicago/3946-W-Dickens-Ave-60647/home/13420426,MRED as Distributed by MLS Grid,11960123,N,Y,41.9194062,-87.7260302
MLS Listing,,Single Family Residential,4415 S Michigan Ave,Chicago,IL,60653,799000,6,5.0,CHI - Grand Boulevard,6553,4830,1894,1,122,,Active,,,https://www.redfin.com/IL/Chicago/4415-S-Michigan-Ave-60653/home/13961109,MRED as Distributed by MLS Grid,11954707,N,Y,41.814234,-87.6225622
MLS Listing,,Condo/Co-op,3749 S Michigan Ave #3,Chicago,IL,60653,309500,3,2.0,CHI - Douglas,1600,,2004,1,193,110,Active,,,https://www.redfin.com/IL/Chicago/3749-S-Michigan-Ave-60653/unit-3/home/18913435,MRED as Distributed by MLS Grid,11965560,N,Y,41.8260328,-87.6227259
MLS Listing,,Multi-Family (2-4 Unit),3071 N Avers Ave,Chicago,IL,60618,625000,7,3.0,CHI - Avondale,,,1901,1,,,Active,,,https://www.redfin.com/IL/Chicago/3071-N-Avers-Ave-60618/home/13448466,MRED as Distributed by MLS Grid,11965495,N,Y,41.9368145,-87.7215523
MLS Listing,,Condo/Co-op,125 S Jefferson St #1510,Chicago,IL,60661,286000,1,1.0,CHI - Near West Side,842,,2003,1,340,483,Active,,,https://www.redfin.com/IL/Chicago/125-S-Jefferson-St-60661/unit-1510/home/12667815,MRED as Distributed by MLS Grid,11952112,N,Y,41.879941,-87.6421575
MLS Listing,,Condo/Co-op,5200 S Ellis Ave #208,Chicago,IL,60615,134900,1,1.0,Renaissance Place,700,,1976,1,193,670,Active,,,https://www.redfin.com/IL/Chicago/5200-S-Ellis-Ave-60615/unit-208/home/12724885,MRED as Distributed by MLS Grid,11966183,N,Y,41.8004111,-87.6014403
MLS Listing,,Single Family Residential,4889 N Hermitage Ave,Chicago,IL,60640,1400000,4,4.5,CHI - Uptown,,5497,1876,1,,,Active,,,https://www.redfin.com/IL/Chicago/4889-N-Hermitage-Ave-60640/home/13402700,MRED as Distributed by MLS Grid,11963235,N,Y,41.9713946,-87.6723251
MLS Listing,,Condo/Co-op,501 N Clinton St #1206,Chicago,IL,60654,519000,2,2.0,Kinzie Park Tower,1400,,2000,1,371,1086,Active,,,https://www.redfin.com/IL/Chicago/501-N-Clinton-St-60654/unit-1206/home/12640315,MRED as Distributed by MLS Grid,11958699,N,Y,41.8909895,-87.6422702
MLS Listing,,Multi-Family (2-4 Unit),1113 N Lawler Ave,Chicago,IL,60651,306000,6,3.0,CHI - Austin,,,1922,1,,,Active,,,https://www.redfin.com/IL/Chicago/1113-N-Lawler-Ave-60651/home/189498603,MRED as Distributed by MLS Grid,11959536,N,Y,41.9009537,-87.7517673
MLS Listing,,Condo/Co-op,4250 N Marine Dr #2904,Chicago,IL,60613,110000,0,1.0,CHI - Uptown,645,,1962,1,171,465,Active,,,https://www.redfin.com/IL/Chicago/4250-N-Marine-Dr-60613/unit-2904/home/13396922,MRED as Distributed by MLS Grid,11963987,N,Y,41.9598845,-87.647122
MLS Listing,,Condo/Co-op,33 E Cedar St Unit 10B,Chicago,IL,60611,195000,1,1.0,CHI - Near North Side,,,1958,1,,948,Active,,,https://www.redfin.com/IL/Chicago/33-E-Cedar-St-60611/unit-10B/home/14121384,MRED as Distributed by MLS Grid,11966124,N,Y,41.9022307,-87.6271603
MLS Listing,,Condo/Co-op,1958 W Foster Ave Unit 3W,Chicago,IL,60640,420000,2,2.0,CHI - Lincoln Square,1287,,,1,326,216,Active,,,https://www.redfin.com/IL/Chicago/1958-W-Foster-Ave-60640/unit-3W/home/18924878,MRED as Distributed by MLS Grid,11962544,N,Y,41.9762502,-87.6787627
MLS Listing,,Condo/Co-op,442 W Wellington Ave Unit 3E,Chicago,IL,60657,825000,3,3.5,CHI - Lake View,3800,,1924,1,217,3965,Active,,,https://www.redfin.com/IL/Chicago/442-W-Wellington-Ave-60657/unit-3E/home/177289339,MRED as Distributed by MLS Grid,11965888,N,Y,41.93692,-87.6411911
MLS Listing,,Condo/Co-op,303 W Ohio St #2808,Chicago,IL,60654,310000,1,1.0,CHI - Near North Side,783,,2009,1,396,623,Active,,,https://www.redfin.com/IL/Chicago/303-W-Ohio-St-60654/unit-2808/home/25667928,MRED as Distributed by MLS Grid,11966144,N,Y,41.8922871,-87.6358483
MLS Listing,,Condo/Co-op,700 N Larrabee St #1311,Chicago,IL,60654,499000,2,2.0,CHI - Near North Side,1200,,2006,1,416,833,Active,January-27-2024 12:00 PM,January-27-2024 02:00 PM,https://www.redfin.com/IL/Chicago/700-N-Larrabee-St-60654/unit-1311/home/23035605,MRED as Distributed by MLS Grid,11966116,N,Y,41.8947154,-87.6433384
MLS Listing,,Condo/Co-op,474 N Lake Shore Dr #5702,Chicago,IL,60611,465000,2,2.0,CHI - Near North Side,1257,,1991,1,370,1309,Active,,,https://www.redfin.com/IL/Chicago/474-N-Lake-Shore-Dr-60611/unit-5702/home/12588747,MRED as Distributed by MLS Grid,11965350,N,Y,41.8908367,-87.6145904
MLS Listing,,Condo/Co-op,474 N Lake Shore Dr #3010,Chicago,IL,60611,299000,1,1.0,CHI - Near North Side,740,,1991,1,404,703,Active,,,https://www.redfin.com/IL/Chicago/474-N-Lake-Shore-Dr-60611/unit-3010/home/12620156,MRED as Distributed by MLS Grid,11946210,N,Y,41.8908367,-87.6145904
MLS Listing,,Single Family Residential,1246 N State Pkwy,Chicago,IL,60610,2250000,6,4.5,CHI - Near North Side,4140,2860,1880,1,543,,Active,,,https://www.redfin.com/IL/Chicago/1246-N-State-Pkwy-60610/home/14111620,MRED as Distributed by MLS Grid,11883101,N,Y,41.9053481,-87.628991
MLS Listing,,Condo/Co-op,2007 W Evergreen Ave Unit 1F,Chicago,IL,60622,600000,3,3.0,CHI - West Town,1550,,1996,1,387,259,Active,January-27-2024 11:00 AM,January-27-2024 01:00 PM,https://www.redfin.com/IL/Chicago/2007-W-Evergreen-Ave-60622/unit-1F/home/189497978,MRED as Distributed by MLS Grid,11963010,N,Y,41.9057601,-87.677703
MLS Listing,,Condo/Co-op,4250 N Marine Dr #2902,Chicago,IL,60613,340000,3,2.0,Imperial Towers,1678,,1964,1,203,1236,Active,,,https://www.redfin.com/IL/Chicago/4250-N-Marine-Dr-60613/unit-2902/home/13395726,MRED as Distributed by MLS Grid,11909442,N,Y,41.9598845,-87.647122
MLS Listing,,Multi-Family (2-4 Unit),1303 S Christiana Ave,Chicago,IL,60623,489000,9,3.0,CHI - North Lawndale,,3125,1913,1,,,Active,,,https://www.redfin.com/IL/Chicago/1303-S-Christiana-Ave-60623/home/18953716,MRED as Distributed by MLS Grid,11966052,N,Y,41.8643377,-87.7090412
MLS Listing,,Condo/Co-op,1600 S Prairie Ave #801,Chicago,IL,60616,440000,2,2.0,CHI - Near South Side,1384,,2006,1,318,975,Active,,,https://www.redfin.com/IL/Chicago/1600-S-Prairie-Ave-60616/unit-801/home/45512765,MRED as Distributed by MLS Grid,11952227,N,Y,41.8598187,-87.6210368
MLS Listing,,Condo/Co-op,4250 N Marine Dr Unit 2902-2904,Chicago,IL,60613,450000,3,3.0,Imperial Towers,2323,,1964,1,194,1702,Active,,,https://www.redfin.com/IL/Chicago/4250-N-Marine-Dr-60613/home/181091369,MRED as Distributed by MLS Grid,11909766,N,Y,41.9598845,-87.647122
MLS Listing,,Vacant Land,7108 S Greenwood Ave,Chicago,IL,60619,75000,,,CHI - Greater Grand Crossing,,3125,,1,,,Active,,,https://www.redfin.com/IL/Chicago/7108-S-Greenwood-Ave-60619/home/21875720,MRED as Distributed by MLS Grid,11965101,N,Y,41.7656115,-87.5986225
MLS Listing,,Condo/Co-op,401 N Wabash Ave #1824,Chicago,IL,60611,275000,0,1.0,Trump Tower Chicago,604,,2008,1,455,2252,Active,,,https://www.redfin.com/IL/Chicago/401-N-Wabash-Ave-60611/unit-1824/home/146072304,MRED as Distributed by MLS Grid,11965318,N,Y,41.8888012,-87.6263094
MLS Listing,,Parking,3901 N Sheridan Blvd Unit P3,Chicago,IL,60613,,,,CHI - Lake View,,162,,1,,,Active,,,https://www.redfin.com/IL/Chicago/3901-N-Sheridan-Rd-60613/unit-P3/home/189497563,MRED as Distributed by MLS Grid,11963510,N,Y,41.952931,-87.654067
MLS Listing,,Single Family Residential,1856 N Mohawk St,Chicago,IL,60614,6900000,5,5.0,CHI - Lincoln Park,8700,5562,,1,793,,Active,,,https://www.redfin.com/IL/Chicago/1856-N-Mohawk-St-60614/home/13346376,MRED as Distributed by MLS Grid,11966017,N,Y,41.916274,-87.6427269
MLS Listing,,Multi-Family (2-4 Unit),10914 S Vernon Ave,Chicago,IL,60628,44900,6,2.0,CHI - Roseland,,3125,1924,1,,,Active,,,https://www.redfin.com/IL/Chicago/10914-S-Vernon-Ave-60628/home/13078295,MRED as Distributed by MLS Grid,11966036,N,Y,41.6958572,-87.6125247
MLS Listing,,Condo/Co-op,2311 W Wabansia Ave #3,Chicago,IL,60647,562500,2,2.0,CHI - West Town,,,2004,1,,213,Active,January-27-2024 11:00 AM,January-27-2024 01:00 PM,https://www.redfin.com/IL/Chicago/2311-W-Wabansia-Ave-60647/unit-3/home/12659368,MRED as Distributed by MLS Grid,11965971,N,Y,41.9123483,-87.6853325
MLS Listing,,Single Family Residential,915 S Oakley Blvd,Chicago,IL,60612,699000,5,4.0,Tri-Taylor,2300,2000,,1,304,,Active,,,https://www.redfin.com/IL/Chicago/915-S-Oakley-Blvd-60612/home/187738694,MRED as Distributed by MLS Grid,11966029,N,Y,41.8698196,-87.6833996
MLS Listing,,Townhouse,309 E 17th St,Chicago,IL,60616,745000,3,3.5,CHI - Near South Side,,680,2007,1,,350,Active,January-28-2024 12:00 PM,January-28-2024 02:00 PM,https://www.redfin.com/IL/Chicago/309-E-17th-St-60616/home/21836597,MRED as Distributed by MLS Grid,11954245,N,Y,41.8587801,-87.6202906
MLS Listing,,Condo/Co-op,340 W Superior St #804,Chicago,IL,60654,550000,2,2.0,CHI - Near North Side,1530,,2002,1,359,1255,Active,January-28-2024 12:00 PM,January-28-2024 01:30 PM,https://www.redfin.com/IL/Chicago/340-W-Superior-St-60654/unit-804/home/12680969,MRED as Distributed by MLS Grid,11965057,N,Y,41.8957828,-87.6377203
MLS Listing,,Single Family Residential,9331 S Racine Ave,Chicago,IL,60620,165000,5,3.0,CHI - Washington Heights,3000,3750,1928,1,55,,Active,,,https://www.redfin.com/IL/Chicago/9331-S-Racine-Ave-60620/home/13103091,MRED as Distributed by MLS Grid,11965181,N,Y,41.7240361,-87.6527596
MLS Listing,,Condo/Co-op,1122 W Catalpa Ave #710,Chicago,IL,60640,330000,2,2.0,Catalpa Gardens,,,2007,1,,853,Active,January-27-2024 11:00 AM,January-27-2024 01:00 PM,https://www.redfin.com/IL/Chicago/1122-W-Catalpa-Ave-60640/unit-710/home/40376482,MRED as Distributed by MLS Grid,11965970,N,Y,41.9819222,-87.6591061
MLS Listing,,Single Family Residential,6417 S Drexel Ave,Chicago,IL,60637,779500,5,3.5,CHI - Woodlawn,3600,3125,2023,1,217,,Active,,,https://www.redfin.com/IL/Chicago/6417-S-Drexel-Ave-60637/home/22909878,MRED as Distributed by MLS Grid,11965983,N,Y,41.778067,-87.602475
MLS Listing,,Single Family Residential,8028 S Muskegon Ave,Chicago,IL,60617,179000,4,1.5,CHI - South Chicago,1350,3100,1893,1,133,,Active,,,https://www.redfin.com/IL/Chicago/8028-S-Muskegon-Ave-60617/home/13214418,MRED as Distributed by MLS Grid,11965974,N,Y,41.7491849,-87.5555594
MLS Listing,,Condo/Co-op,451 W Huron St #1108,Chicago,IL,60654,475000,2,2.0,CHI - Near North Side,1259,,2006,1,377,717,Active,January-27-2024 12:00 PM,January-27-2024 02:00 PM,https://www.redfin.com/IL/Chicago/451-W-Huron-St-60654/unit-1108/home/26794322,MRED as Distributed by MLS Grid,11965851,N,Y,41.894482,-87.6404072
MLS Listing,,Multi-Family (2-4 Unit),1516 S Kildare Ave,Chicago,IL,60623,385000,9,3.0,CHI - North Lawndale,,4050,1918,1,,,Active,,,https://www.redfin.com/IL/Chicago/1516-S-Kildare-Ave-60623/home/13236304,MRED as Distributed by MLS Grid,11965360,N,Y,41.8600503,-87.7325657
MLS Listing,,Multi-Family (2-4 Unit),7145 S Union Ave,Chicago,IL,60621,165000,6,2.5,CHI - Englewood,,6250,1895,2,,,Active,,,https://www.redfin.com/IL/Chicago/7145-S-Union-Ave-60621/home/13917065,MRED as Distributed by MLS Grid,11965958,N,Y,41.7638969,-87.6411745
MLS Listing,,Multi-Family (5+ Unit),5865 N Magnolia Ave,Chicago,IL,60660,1100000,10,6.0,CHI - Edgewater,5400,5400,1914,2,204,,Active,,,https://www.redfin.com/IL/Chicago/5865-N-Magnolia-Ave-60660/home/186314551,MRED as Distributed by MLS Grid,11965894,N,Y,41.9887907,-87.6610992
MLS Listing,,Vacant Land,3841 W 56th St,Chicago,IL,60629,75000,,,CHI - West Elsdon,,3125,,2,,,Active,,,https://www.redfin.com/IL/Chicago/3841-W-56th-St-60629/home/148047695,MRED as Distributed by MLS Grid,11965960,N,Y,41.7911874,-87.7199031
MLS Listing,,Single Family Residential,727 E 87th Pl,Chicago,IL,60619,179000,3,2.0,CHI - Chatham,752,3750,1953,2,238,,Active,,,https://www.redfin.com/IL/Chicago/727-E-87th-Pl-60619/home/13112233,MRED as Distributed by MLS Grid,11965372,N,Y,41.7355443,-87.6061599
MLS Listing,,Condo/Co-op,401 E Ontario St #1609,Chicago,IL,60611,449000,2,2.0,CHI - Near North Side,1200,,1990,2,374,1131,Active,January-28-2024 11:00 AM,January-28-2024 01:00 PM,https://www.redfin.com/IL/Chicago/401-E-Ontario-St-60611/unit-1609/home/12765973,MRED as Distributed by MLS Grid,11965910,N,Y,41.893211,-87.616401
MLS Listing,,Condo/Co-op,4920 N Marine Dr Unit S304,Chicago,IL,60640,145000,1,1.0,CHI - Uptown,700,,1950,2,207,681,Active,,,https://www.redfin.com/IL/Chicago/4920-N-Marine-Dr-60640/unit-S304/home/12727591,MRED as Distributed by MLS Grid,11965921,N,Y,41.9722763,-87.6512728
MLS Listing,,Condo/Co-op,1000 W Adams St #723,Chicago,IL,60607,369900,1,1.0,CHI - Near West Side,833,,2001,2,444,498,Active,January-27-2024 12:00 PM,January-27-2024 02:00 PM,https://www.redfin.com/IL/Chicago/1000-W-Adams-St-60607/unit-723/home/12713150,MRED as Distributed by MLS Grid,11959761,N,Y,41.8794755,-87.6523076
MLS Listing,,Single Family Residential,8108 S Wolcott Ave,Chicago,IL,60620,150000,3,2.0,CHI - Auburn Gresham,4464,4464,1926,2,34,,Active,,,https://www.redfin.com/IL/Chicago/8108-S-Wolcott-Ave-60620/home/189492001,MRED as Distributed by MLS Grid,11965860,N,Y,41.7462824,-87.6709227
MLS Listing,,Single Family Residential,4943 N New England Ave,Chicago,IL,60656,409900,4,2.0,CHI - Norwood Park,2000,5000,1961,2,205,,Active,,,https://www.redfin.com/IL/Chicago/4943-N-New-England-Ave-60656/home/13505152,MRED as Distributed by MLS Grid,11965830,N,Y,41.9714157,-87.7985613
MLS Listing,,Multi-Family (2-4 Unit),5947 W Iowa St,Chicago,IL,60651,564999,8,4.5,CHI - Austin,,4356,1900,2,,,Active,,,https://www.redfin.com/IL/Chicago/5947-W-Iowa-St-60651/home/13274101,MRED as Distributed by MLS Grid,11965930,N,Y,41.8963183,-87.7742192
MLS Listing,,Condo/Co-op,435 W Erie St #901,Chicago,IL,60654,485000,2,2.5,CHI - Near North Side,,,1998,2,,849,Active,,,https://www.redfin.com/IL/Chicago/435-W-Erie-St-60654/unit-901/home/183838500,MRED as Distributed by MLS Grid,11965907,N,Y,41.893798,-87.640107
MLS Listing,,Multi-Family (2-4 Unit),5245 W Montrose Ave,Chicago,IL,60641,759000,8,4.0,CHI - Portage Park,,4125,1920,2,,,Active,,,https://www.redfin.com/IL/Chicago/5245-W-Montrose-Ave-60641/home/188647721,MRED as Distributed by MLS Grid,11965904,N,Y,41.9603593,-87.7591697
MLS Listing,,Condo/Co-op,4624 N Commons Dr #406,Chicago,IL,60656,94500,0,1.0,Pueblo Commons,500,,1975,2,189,179,Active,,,https://www.redfin.com/IL/Chicago/4624-N-Commons-Dr-60656/unit-406/home/13552440,MRED as Distributed by MLS Grid,11965896,N,Y,41.9644219,-87.8381045
MLS Listing,,Condo/Co-op,4722 S Greenwood Ave Unit 3W,Chicago,IL,60615,293999,3,2.0,CHI - Kenwood,2000,,1915,2,147,685,Active,,,https://www.redfin.com/IL/Chicago/4722-S-Greenwood-Ave-60615/unit-3W/home/13950681,MRED as Distributed by MLS Grid,11965889,N,Y,41.8088531,-87.5998892
MLS Listing,,Single Family Residential,444 E 88th St,Chicago,IL,60619,339000,4,3.0,CHI - Chatham,2000,,1925,2,170,,Active,,,https://www.redfin.com/IL/Chicago/444-E-88th-St-60619/home/13111530,MRED as Distributed by MLS Grid,11965884,N,Y,41.734902,-87.612679
MLS Listing,,Multi-Family (2-4 Unit),3836 W Gladys Ave,Chicago,IL,60624,309999,8,2.0,CHI - West Garfield Park,,3938,1903,2,,,Active,,,https://www.redfin.com/IL/Chicago/3836-W-Gladys-Ave-60624/home/13258542,MRED as Distributed by MLS Grid,11965764,N,Y,41.8764771,-87.7222222
MLS Listing,,Vacant Land,6321 S Ingleside Ave,Chicago,IL,60637,199000,,,CHI - Woodlawn,,3049,,2,,,Active,,,https://www.redfin.com/IL/Chicago/6321-S-Ingleside-Ave-60637/home/101675677,MRED as Distributed by MLS Grid,11965868,N,Y,41.7797475,-87.6013558
MLS Listing,,Multi-Family (2-4 Unit),1732 N Campbell Ave,Chicago,IL,60647,575000,7,4.0,CHI - West Town,,3125,,2,,,Active,,,https://www.redfin.com/IL/Chicago/1732-N-Campbell-Ave-60647/home/13416085,MRED as Distributed by MLS Grid,11965567,N,Y,41.9131369,-87.6899881
MLS Listing,,Single Family Residential,6930 S Indiana Ave,Chicago,IL,60637,219999,4,2.0,CHI - Greater Grand Crossing,1800,4800,1918,2,122,,Active,,,https://www.redfin.com/IL/Chicago/6930-S-Indiana-Ave-60637/home/13930136,MRED as Distributed by MLS Grid,11965842,N,Y,41.7682989,-87.6204782
MLS Listing,,Single Family Residential,8030 S Muskegon Ave,Chicago,IL,60617,189000,5,2.0,CHI - South Chicago,,3125,1923,2,,,Active,,,https://www.redfin.com/IL/Chicago/8030-S-Muskegon-Ave-60617/home/13214144,MRED as Distributed by MLS Grid,11965824,N,Y,41.7491106,-87.5555688
MLS Listing,,Single Family Residential,11551 S La Salle St,Chicago,IL,60628,259900,6,2.0,CHI - West Pullman,2339,7500,1888,2,111,,Active,,,https://www.redfin.com/IL/Chicago/11551-S-La-Salle-St-60628/home/186286091,MRED as Distributed by MLS Grid,11965829,N,Y,41.6838064,-87.6261771
MLS Listing,,Condo/Co-op,2042 N Winchester Ave Unit 1W,Chicago,IL,60614,259999,1,1.0,CHI - Logan Square,700,,1896,2,371,140,Active,,,https://www.redfin.com/IL/Chicago/2042-N-Winchester-Ave-60614/unit-1W/home/12596669,MRED as Distributed by MLS Grid,11965820,N,Y,41.919022,-87.6766873
MLS Listing,,Condo/Co-op,1857 N Sawyer Ave Unit A,Chicago,IL,60647,635000,3,2.0,CHI - Logan Square,1900,5000,2010,2,334,,Active,January-27-2024 11:00 AM,January-27-2024 12:30 PM,https://www.redfin.com/IL/Chicago/1857-N-Sawyer-Ave-60647/unit-A/home/144958676,MRED as Distributed by MLS Grid,11965813,N,Y,41.9154085,-87.7083214
MLS Listing,,Condo/Co-op,401 E Ontario St #1104,Chicago,IL,60611,329000,1,1.0,CHI - Near North Side,800,,1990,2,411,684,Active,January-28-2024 11:00 AM,January-28-2024 01:00 PM,https://www.redfin.com/IL/Chicago/401-E-Ontario-St-60611/unit-1104/home/12764794,MRED as Distributed by MLS Grid,11965580,N,Y,41.893211,-87.616401
MLS Listing,,Condo/Co-op,4250 N Marine Dr #630,Chicago,IL,60613,149999,1,1.0,CHI - Uptown,,,1964,2,,704,Active,,,https://www.redfin.com/IL/Chicago/4250-N-Marine-Dr-60613/unit-630/home/13395947,MRED as Distributed by MLS Grid,11965792,N,Y,41.9598845,-87.647122
MLS Listing,,Single Family Residential,9137 S Halsted St,Chicago,IL,60620,215000,4,2.0,CHI - Washington Heights,988,3125,1962,2,218,,Active,January-27-2024 02:00 PM,January-27-2024 04:00 PM,https://www.redfin.com/IL/Chicago/9137-S-Halsted-St-60620/home/13107567,MRED as Distributed by MLS Grid,11965368,N,Y,41.7276824,-87.6430222
MLS Listing,,Multi-Family (2-4 Unit),4837 S Ridgeway Ave,Chicago,IL,60632,279900,4,2.0,CHI - Archer Heights,,7500,1905,2,,,Active,,,https://www.redfin.com/IL/Chicago/4837-S-Ridgeway-Ave-60632/home/14021289,MRED as Distributed by MLS Grid,11965736,N,Y,41.8047678,-87.71705
MLS Listing,,Single Family Residential,8758 S Cornell Ave,Chicago,IL,60617,319000,3,2.5,CHI - Calumet Heights,1378,3364,1959,2,231,,Active,January-27-2024 01:00 PM,January-27-2024 03:00 PM,https://www.redfin.com/IL/Chicago/8758-S-Cornell-Ave-60617/home/13118328,MRED as Distributed by MLS Grid,11965247,N,Y,41.7352442,-87.5843201
MLS Listing,,Multi-Family (5+ Unit),4632-38 W Barry Ave,Chicago,IL,60641,1430000,16,8.0,CHI - Belmont Cragin,,8280,1913,2,,,Active,,,https://www.redfin.com/IL/Chicago/4632-W-Barry-Ave-60641/home/189489163,MRED as Distributed by MLS Grid,11953411,N,Y,41.9371938,-87.7435192
MLS Listing,,Condo/Co-op,505 N Lake Shore Dr #3606,Chicago,IL,60611,775000,2,2.0,Lake Point Tower,1450,,1968,2,534,1130,Active,,,https://www.redfin.com/IL/Chicago/505-N-Lake-Shore-Dr-60611/unit-3606/home/14096270,MRED as Distributed by MLS Grid,11965294,N,Y,41.8917026,-87.6126117
MLS Listing,,Townhouse,2029 N Halsted St,Chicago,IL,60614,1050000,3,3.5,CHI - Lincoln Park,,,1980,2,,624,Active,,,https://www.redfin.com/IL/Chicago/2029-N-Halsted-St-60614/home/183802824,MRED as Distributed by MLS Grid,11921954,N,Y,41.919249,-87.648196
MLS Listing,,Multi-Family (2-4 Unit),7420 S Bennett Ave,Chicago,IL,60649,258000,6,3.0,CHI - South Shore,,3750,1914,2,,,Active,,,https://www.redfin.com/IL/Chicago/7420-S-Bennett-Ave-60649/home/13924427,MRED as Distributed by MLS Grid,11965734,N,Y,41.7599787,-87.5795311
MLS Listing,,Single Family Residential,4720 S Lavergne Ave,Chicago,IL,60638,299999,4,2.0,CHI - Garfield Ridge,912,3781,1956,2,329,,Active,January-27-2024 11:00 AM,January-27-2024 01:00 PM,https://www.redfin.com/IL/Chicago/4720-S-Lavergne-Ave-60638/home/14026101,MRED as Distributed by MLS Grid,11965363,N,Y,41.8068736,-87.7482942
MLS Listing,,Condo/Co-op,401 N Wabash Ave Unit 31C,Chicago,IL,60611,825000,2,2.5,Trump Tower Chicago,1562,,2007,2,528,1296,Active,,,https://www.redfin.com/IL/Chicago/401-N-Wabash-Ave-60611/unit-31C/home/40373265,MRED as Distributed by MLS Grid,11965694,N,Y,41.8888012,-87.6263094
MLS Listing,,Condo/Co-op,100 E Walton St Unit 32C,Chicago,IL,60611,222000,1,1.0,Walton Colonade,650,,1972,2,342,668,Active,,,https://www.redfin.com/IL/Chicago/100-E-Walton-St-60611/unit-32C/home/14121475,MRED as Distributed by MLS Grid,11965714,N,Y,41.9001147,-87.6250997
MLS Listing,,Multi-Family (2-4 Unit),4242 S Maplewood Ave,Chicago,IL,60632,146600,5,2.0,CHI - Brighton Park,,3125,1903,2,,,Active,,,https://www.redfin.com/IL/Chicago/4242-S-Maplewood-Ave-60632/home/14037566,MRED as Distributed by MLS Grid,11965715,N,Y,41.8161631,-87.6888301
MLS Listing,,Condo/Co-op,331 S Peoria St #403,Chicago,IL,60607,295000,1,1.5,Westgate Lofts,,,,2,,409,Active,January-28-2024 02:00 PM,January-28-2024 03:30 PM,https://www.redfin.com/IL/Chicago/331-S-Peoria-St-60607/unit-403/home/14089338,MRED as Distributed by MLS Grid,11965720,N,Y,41.8768691,-87.6492923
MLS Listing,,Single Family Residential,1911 W Patterson Ave,Chicago,IL,60613,1149000,3,2.5,CHI - North Center,,3750,1906,2,,,Active,January-27-2024 12:00 PM,January-27-2024 02:00 PM,https://www.redfin.com/IL/Chicago/1911-W-Patterson-Ave-60613/home/13387760,MRED as Distributed by MLS Grid,11965702,N,Y,41.9476515,-87.676663
MLS Listing,,Condo/Co-op,25 E Superior St #3905,Chicago,IL,60611,1250000,3,3.0,Fordham,2135,,2002,2,585,1987,Active,,,https://www.redfin.com/IL/Chicago/25-E-Superior-St-60611/unit-3905/home/12695448,MRED as Distributed by MLS Grid,11961568,N,Y,41.8954074,-87.6272288
MLS Listing,,Single Family Residential,2928 N Sacramento Ave,Chicago,IL,60618,349000,3,2.0,CHI - Avondale,1200,3125,1875,2,291,,Active,,,https://www.redfin.com/IL/Chicago/2928-N-Sacramento-Ave-60618/home/13451786,MRED as Distributed by MLS Grid,11956940,N,Y,41.9347749,-87.7028975
MLS Listing,,Condo/Co-op,1360 N Sandburg Ter #1804,Chicago,IL,60610,199900,1,1.0,CHI - Near North Side,500,,1962,2,400,452,Active,,,https://www.redfin.com/IL/Chicago/1360-N-Sandburg-Ter-60610/unit-1804/home/183722633,MRED as Distributed by MLS Grid,11965697,N,Y,41.9074567,-87.6325602
MLS Listing,,Multi-Family (2-4 Unit),6629 S Sangamon St,Chicago,IL,60621,315000,5,2.0,CHI - Englewood,,3125,1897,2,,,Active,,,https://www.redfin.com/IL/Chicago/6629-S-Sangamon-St-60621/home/13932391,MRED as Distributed by MLS Grid,11964953,N,Y,41.7733705,-87.6480075
MLS Listing,,Condo/Co-op,817 E 53rd St Unit 2N,Chicago,IL,60615,135000,2,1.0,CHI - Hyde Park,,,,2,,336,Active,,,https://www.redfin.com/IL/Chicago/817-E-53rd-St-60615/unit-2N/home/21797977,MRED as Distributed by MLS Grid,11965650,N,Y,41.7984532,-87.6054399
MLS Listing,,Single Family Residential,2557 W Pershing Rd,Chicago,IL,60632,290000,3,2.0,CHI - Brighton Park,3125,3136,1996,2,93,,Active,January-28-2024 12:00 PM,January-28-2024 02:00 PM,https://www.redfin.com/IL/Chicago/2557-W-Pershing-Rd-60632/home/14037965,MRED as Distributed by MLS Grid,11964389,N,Y,41.8226772,-87.6894803
MLS Listing,,Single Family Residential,6537 S Campbell Ave,Chicago,IL,60629,230000,5,3.0,CHI - Chicago Lawn,,,1917,2,,,Active,,,https://www.redfin.com/IL/Chicago/6537-S-Campbell-Ave-60629/home/13986394,MRED as Distributed by MLS Grid,11962509,N,Y,41.7744865,-87.6856788
MLS Listing,,Multi-Family (2-4 Unit),1450 W School St,Chicago,IL,60657,929000,8,4.0,CHI - Lake View,,3125,,2,,,Active,January-27-2024 12:00 PM,January-27-2024 02:00 PM,https://www.redfin.com/IL/Chicago/1450-W-School-St-60657/home/13382609,MRED as Distributed by MLS Grid,11963546,N,Y,41.9418372,-87.6658567
MLS Listing,,Condo/Co-op,1605 S Michigan Ave #201,Chicago,IL,60616,475000,2,2.0,CHI - Near South Side,1850,,,2,257,368,Active,,,https://www.redfin.com/IL/Chicago/1605-S-Michigan-Ave-60616/unit-201/home/178935411,MRED as Distributed by MLS Grid,11965648,N,Y,41.8599562,-87.623518
MLS Listing,,Condo/Co-op,6425 W Touhy Ave Unit 2B,Chicago,IL,60646,339000,2,2.0,CHI - Forest Glen,1400,,2006,2,242,325,Active,,,https://www.redfin.com/IL/Chicago/6425-W-Touhy-Ave-60646/unit-2B/home/26801756,MRED as Distributed by MLS Grid,11965544,N,Y,42.011744,-87.7879959
MLS Listing,,Multi-Family (2-4 Unit),4747 S Western Blvd,Chicago,IL,60609,369000,5,4.0,CHI - New City,,3049,1906,2,,,Active,,,https://www.redfin.com/IL/Chicago/4747-S-Western-Blvd-60609/home/13957811,MRED as Distributed by MLS Grid,11965035,N,Y,41.8070104,-87.6835186
MLS Listing,,Condo/Co-op,401 N Wabash Ave #1718,Chicago,IL,60611,249000,0,1.0,Trump Tower Chicago,604,,2008,2,412,2252,Active,,,https://www.redfin.com/IL/Chicago/401-N-Wabash-Ave-60611/unit-1718/home/39549941,MRED as Distributed by MLS Grid,11965392,N,Y,41.8888012,-87.6263094
MLS Listing,,Single Family Residential,1320 W 98th Pl,Chicago,IL,60643,349999,6,2.5,CHI - Washington Heights,2500,3125,1954,2,140,,Active,,,https://www.redfin.com/IL/Chicago/1320-W-98th-Pl-60643/home/13095706,MRED as Distributed by MLS Grid,11965593,N,Y,41.715268,-87.6561001
MLS Listing,,Condo/Co-op,1636 N Wells St #1209,Chicago,IL,60614,249999,1,1.0,Americana Towers,,,1974,2,,733,Active,January-27-2024 11:00 AM,January-27-2024 12:30 PM,https://www.redfin.com/IL/Chicago/1636-N-Wells-St-60614/unit-1209/home/13343217,MRED as Distributed by MLS Grid,11964448,N,Y,41.9122822,-87.6354498
MLS Listing,,Single Family Residential,2121 W Pierce Ave,Chicago,IL,60622,3999999,6,4.5,CHI - West Town,6600,7824,1907,2,606,,Active,,,https://www.redfin.com/IL/Chicago/2121-W-Pierce-Ave-60622/home/14109792,MRED as Distributed by MLS Grid,11965277,N,Y,41.9090567,-87.6807264
MLS Listing,,Multi-Family (2-4 Unit),9723 S Escanaba Ave,Chicago,IL,60617,179900,6,2.0,CHI - South Deering,,3750,1885,2,,,Active,,,https://www.redfin.com/IL/Chicago/9723-S-Escanaba-Ave-60617/home/183852829,MRED as Distributed by MLS Grid,11963997,N,Y,41.7183156,-87.5534805
MLS Listing,,Single Family Residential,1844 N Spaulding Ave,Chicago,IL,60647,1199000,5,3.5,CHI - Logan Square,4200,4779,2009,2,285,,Active,,,https://www.redfin.com/IL/Chicago/1844-N-Spaulding-Ave-60647/home/21878142,MRED as Distributed by MLS Grid,11965540,N,Y,41.9150583,-87.7105453
MLS Listing,,Single Family Residential,12406 S Lowe Ave,Chicago,IL,60628,271900,5,2.0,CHI - West Pullman,2700,4617,1952,2,101,,Active,,,https://www.redfin.com/IL/Chicago/12406-S-Lowe-Ave-60628/home/12583238,MRED as Distributed by MLS Grid,11965550,N,Y,41.6684893,-87.6382834
MLS Listing,,Single Family Residential,6927 W Berwyn Ave,Chicago,IL,60656,459000,4,4.0,CHI - Norwood Park,2840,9375,1951,2,162,,Active,,,https://www.redfin.com/IL/Chicago/6927-W-Berwyn-Ave-60656/home/13506301,MRED as Distributed by MLS Grid,11965565,N,Y,41.976955,-87.8008277
MLS Listing,,Condo/Co-op,1909 W Schiller St Unit 1W,Chicago,IL,60622,899000,3,2.5,CHI - West Town,2200,,2019,2,409,270,Active,,,https://www.redfin.com/IL/Chicago/1909-W-Schiller-St-60622/unit-1W/home/185207704,MRED as Distributed by MLS Grid,11937624,N,Y,41.9069833,-87.6752761
MLS Listing,,Condo/Co-op,5415 N Sheridan Rd #703,Chicago,IL,60640,139900,0,1.0,CHI - Edgewater,600,,1973,2,233,511,Active,,,https://www.redfin.com/IL/Chicago/5415-N-Sheridan-Rd-60640/unit-703/home/13401768,MRED as Distributed by MLS Grid,11965462,N,Y,41.9801211,-87.6543366
MLS Listing,,Condo/Co-op,440 N Wabash Ave #1809,Chicago,IL,60611,420000,2,2.0,CHI - Near North Side,,,1992,2,,820,Active,,,https://www.redfin.com/IL/Chicago/440-N-Wabash-Ave-60611/unit-1809/home/12592482,MRED as Distributed by MLS Grid,11965510,N,Y,41.8903711,-87.6269739
MLS Listing,,Multi-Family (2-4 Unit),7049 S Dante Ave,Chicago,IL,60637,430000,9,6.0,CHI - South Shore,,,2006,2,,,Active,,,https://www.redfin.com/IL/Chicago/7049-S-Dante-Ave-60637/home/13926265,MRED as Distributed by MLS Grid,11962052,N,Y,41.7663573,-87.5892215
MLS Listing,,Condo/Co-op,849 N Franklin St #1420,Chicago,IL,60610,315000,1,1.0,CHI - Near North Side,,,2006,2,,509,Active,,,https://www.redfin.com/IL/Chicago/849-N-Franklin-St-60610/unit-1420/home/26794502,MRED as Distributed by MLS Grid,11938637,N,Y,41.897783,-87.6352167
MLS Listing,,Single Family Residential,7036 S Sangamon St,Chicago,IL,60621,100000,5,2.0,CHI - Englewood,1209,3136,1895,2,83,,Active,,,https://www.redfin.com/IL/Chicago/7036-S-Sangamon-St-60621/home/13931550,MRED as Distributed by MLS Grid,11965542,N,Y,41.7658694,-87.6483438
MLS Listing,,Single Family Residential,6219 N Maplewood Ave,Chicago,IL,60659,359000,3,1.0,CHI - West Ridge,2000,4125,1921,2,180,,Active,January-27-2024 01:00 PM,January-27-2024 03:00 PM,https://www.redfin.com/IL/Chicago/6219-N-Maplewood-Ave-60659/home/13520834,MRED as Distributed by MLS Grid,11963178,N,Y,41.9946601,-87.6931455
MLS Listing,,Single Family Residential,9160 S Hamilton Ave,Chicago,IL,60643,465000,4,2.5,CHI - Beverly,1200,6076,1935,2,388,,Active,,,https://www.redfin.com/IL/Chicago/9160-S-Hamilton-Ave-60643/home/189487141,MRED as Distributed by MLS Grid,11963910,N,Y,41.7266721,-87.6764214
MLS Listing,,Single Family Residential,4257 N Kolmar Ave,Chicago,IL,60641,615000,4,2.5,CHI - Irving Park,1868,,1997,2,329,250,Active,January-27-2024 02:00 PM,January-27-2024 04:00 PM,https://www.redfin.com/IL/Chicago/4257-N-Kolmar-Ave-60641/home/12807758,MRED as Distributed by MLS Grid,11965524,N,Y,41.9587999,-87.7427496
MLS Listing,,Condo/Co-op,4537 N Clark St Unit 4D,Chicago,IL,60640,875000,3,2.0,CHI - Uptown,,,2023,2,,197,Active,January-27-2024 11:00 AM,January-27-2024 01:00 PM,https://www.redfin.com/IL/Chicago/4537-N-Clark-St-60640/unit-4D/home/189487139,MRED as Distributed by MLS Grid,11965202,N,Y,41.9646379,-87.6664858
MLS Listing,,Condo/Co-op,550 N Kingsbury St #611,Chicago,IL,60654,1099000,2,2.0,CHI - Near North Side,,,,2,,1348,Active,,,https://www.redfin.com/IL/Chicago/550-N-Kingsbury-St-60654/unit-611/home/14102785,MRED as Distributed by MLS Grid,11965504,N,Y,41.8919117,-87.6407061
MLS Listing,,Single Family Residential,10748 S Avenue N,Chicago,IL,60617,175000,2,2.0,CHI - East Side,1056,3746,1940,2,166,,Active,,,https://www.redfin.com/IL/Chicago/10748-S-Avenue-N-60617/home/13036364,MRED as Distributed by MLS Grid,11965475,N,Y,41.6994893,-87.5391627
MLS Listing,,Multi-Family (2-4 Unit),2210 W Ohio St,Chicago,IL,60612,999700,8,4.0,CHI - West Town,,1742,1930,2,,,Active,,,https://www.redfin.com/IL/Chicago/2210-W-Ohio-St-60612/home/14105910,MRED as Distributed by MLS Grid,11904175,N,Y,41.8923669,-87.6823632
MLS Listing,,Condo/Co-op,2205 W Medill Ave #1,Chicago,IL,60647,849000,3,2.5,CHI - Logan Square,2300,,2019,2,369,295,Active,January-27-2024 01:00 PM,January-27-2024 03:00 PM,https://www.redfin.com/IL/Chicago/2205-W-Medill-Ave-60647/unit-1/home/189486562,MRED as Distributed by MLS Grid,11965096,N,Y,41.9240502,-87.683044
MLS Listing,,Condo/Co-op,834 N Wood St Unit 3S,Chicago,IL,60622,359900,2,1.5,CHI - West Town,1200,,,2,300,379,Active,,,https://www.redfin.com/IL/Chicago/834-N-Wood-St-60622/unit-3S/home/12604095,MRED as Distributed by MLS Grid,11920687,N,Y,41.8970552,-87.6723421
MLS Listing,,Condo/Co-op,525 W Superior St #709,Chicago,IL,60654,629000,2,2.0,CHI - Near North Side,,,1930,2,,1146,Active,,,https://www.redfin.com/IL/Chicago/525-W-Superior-St-60654/unit-709/home/12767380,MRED as Distributed by MLS Grid,11913161,N,Y,41.8952667,-87.6424917
MLS Listing,,Condo/Co-op,1755 E 55th St #307,Chicago,IL,60615,55000,1,1.0,CHI - Hyde Park,840,,,2,65,1607,Active,,,https://www.redfin.com/IL/Chicago/1755-E-55th-St-60615/unit-307/home/189484862,MRED as Distributed by MLS Grid,11965319,N,Y,41.7949183,-87.5815604
MLS Listing,,Multi-Family (2-4 Unit),3423 W Dickens Ave,Chicago,IL,60647,500000,4,3.0,CHI - Logan Square,,3049,1906,2,,,Active,January-28-2024 01:00 PM,January-28-2024 03:00 PM,https://www.redfin.com/IL/Chicago/3423-W-Dickens-Ave-60647/home/183984205,MRED as Distributed by MLS Grid,11928443,N,Y,41.9189497,-87.7129545
MLS Listing,,Multi-Family (2-4 Unit),4846 N Hermitage Ave,Chicago,IL,60640,1199000,10,4.0,CHI - Uptown,,8300,1893,2,,,Active,,,https://www.redfin.com/IL/Chicago/4846-N-Hermitage-Ave-60640/home/13402039,MRED as Distributed by MLS Grid,11965267,N,Y,41.9702634,-87.6730037
MLS Listing,,Condo/Co-op,1111 S State St #701,Chicago,IL,60605,675000,3,2.0,CHI - Loop,1750,,2005,2,386,1414,Active,January-27-2024 10:00 AM,January-27-2024 12:00 PM,https://www.redfin.com/IL/Chicago/1111-S-State-St-60605/unit-701/home/183860881,MRED as Distributed by MLS Grid,11965447,N,Y,41.8685021,-87.6270061
MLS Listing,,Townhouse,432 W Elm St #8107,Chicago,IL,60610,550000,3,2.0,CHI - Near North Side,1606,,2008,2,342,351,Active,January-27-2024 12:00 PM,January-27-2024 02:00 PM,https://www.redfin.com/IL/Chicago/432-W-Elm-St-60610/unit-8107/home/39563883,MRED as Distributed by MLS Grid,11965402,N,Y,41.9028633,-87.6396348
MLS Listing,,Condo/Co-op,1660 N Lasalle St #3606,Chicago,IL,60614,225000,1,1.0,CHI - Lincoln Park,750,,1972,2,300,599,Active,January-27-2024 01:00 PM,January-27-2024 03:00 PM,https://www.redfin.com/IL/Chicago/1660-N-La-Salle-Dr-60614/unit-3606/home/189484023,MRED as Distributed by MLS Grid,11964803,N,Y,41.912668,-87.6334836
MLS Listing,,Condo/Co-op,401 E Ontario St #4204,Chicago,IL,60611,275000,1,1.0,CHI - Near North Side,800,,1990,2,344,718,Active,,,https://www.redfin.com/IL/Chicago/401-E-Ontario-St-60611/unit-4204/home/12765469,MRED as Distributed by MLS Grid,11958311,N,Y,41.893211,-87.616401
MLS Listing,,Condo/Co-op,400 N Orleans St Unit C,Chicago,IL,60610,1300000,3,4.5,CHI - Near North Side,4000,,2008,2,325,1150,Active,,,https://www.redfin.com/IL/Chicago/400-N-Orleans-St-60654/unit-C/home/26813985,MRED as Distributed by MLS Grid,11965298,N,Y,41.8893367,-87.6371847